0.0,0.02
4.152325242712e-05,4.1523252427119994e-05
4.068892877119572e-05,4.068892877119572e-05
3.985395169778313e-05,3.985395169778313e-05
3.90185076500589e-05,3.90185076500589e-05
3.81829756207009e-05,3.81829756207009e-05
3.734788515792132e-05,3.734788515792132e-05
3.651388041185365e-05,3.651388041185365e-05
3.56816894844771e-05,3.56816894844771e-05
3.485209842884428e-05,3.485209842884428e-05
3.402592931714664e-05,3.402592931714664e-05
3.3204021863018275e-05,3.3204021863018275e-05
3.238721814226382e-05,3.238721814226382e-05
3.157635000863717e-05,3.157635000863717e-05
3.077222884805457e-05,3.077222884805457e-05
2.997563735629481e-05,2.997563735629481e-05
2.918732306235205e-05,2.918732306235205e-05
2.840799335264362e-05,2.840799335264362e-05
2.7638311780664547e-05,2.7638311780664547e-05
2.6878895472809147e-05,2.6878895472809147e-05
2.6130313464292625e-05,2.6130313464292625e-05
2.539308581971336e-05,2.539308581971336e-05
2.4667683411077145e-05,2.4667683411077145e-05
2.395452824230705e-05,2.3954528242307055e-05
2.325399422361176e-05,2.325399422361176e-05
2.256640831177864e-05,2.2566408311778638e-05
2.189205194367853e-05,2.1892051943678535e-05
2.12311627001739e-05,2.12311627001739e-05
2.0583936146357488e-05,2.0583936146357488e-05
1.9950527801742104e-05,1.9950527801742104e-05
1.933105520078836e-05,1.9331055200788356e-05
1.872560001010055e-05,1.872560001010055e-05
1.8134210173831792e-05,1.8134210173831792e-05
1.755690206340095e-05,1.755690206340095e-05
1.6993662611609707e-05,1.6993662611609707e-05
1.6444451414722467e-05,1.6444451414722467e-05
1.5909202789095076e-05,1.5909202789095076e-05
1.5387827771560803e-05,1.5387827771560803e-05
1.4880216055051828e-05,1.4880216055051828e-05
1.4386237852892065e-05,1.4386237852892065e-05
1.39057456868798e-05,1.39057456868798e-05
1.3438576095719165e-05,1.3438576095719163e-05
1.2984551261587329e-05,1.2984551261587327e-05
1.2543480553664846e-05,1.2543480553664846e-05
1.2115161988333874e-05,1.2115161988333874e-05
1.169938360648242e-05,1.169938360648242e-05
1.1295924768961445e-05,1.1295924768961445e-05
1.0904557371741098e-05,1.0904557371741098e-05
1.0525046982716937e-05,1.0525046982716937e-05
1.0157153902439576e-05,1.0157153902439576e-05
9.800634151292607e-06,9.800634151292609e-06
9.455240385833707e-06,9.455240385833709e-06
9.120722747151628e-06,9.120722747151628e-06
8.796829644184346e-06,8.796829644184346e-06
8.483308474998219e-06,8.483308474998219e-06
8.17990628904992e-06,8.17990628904992e-06
7.886370393448067e-06,7.886370393448067e-06
7.602448906203542e-06,7.602448906203542e-06
7.327891259411058e-06,7.327891259411058e-06
7.062448655242742e-06,7.062448655242742e-06
6.805874477560255e-06,6.805874477560255e-06
6.557924661868208e-06,6.557924661868208e-06
6.318358026240064e-06,6.318358026240064e-06
6.086936565750814e-06,6.086936565750814e-06
5.863425712849627e-06,5.863425712849627e-06
5.647594566002223e-06,5.6475945660022225e-06
5.439216088827781e-06,5.439216088827781e-06
5.238067281850011e-06,5.238067281850011e-06
5.043929328877239e-06,5.043929328877239e-06
4.856587719922893e-06,4.856587719922893e-06
4.675832352476042e-06,4.675832352476042e-06
4.501457612832134e-06,4.501457612832134e-06
4.333262439097329e-06,4.333262439097329e-06
4.17105036738589e-06,4.17105036738589e-06
4.014629562639431e-06,4.014629562639431e-06
3.863812835409392e-06,3.863812835409392e-06
3.718417645860264e-06,3.718417645860264e-06
3.5782660961706114e-06,3.5782660961706114e-06
3.4431849124321946e-06,3.4431849124321946e-06
3.3130054170741107e-06,3.3130054170741107e-06
3.187563492769218e-06,3.187563492769218e-06
3.0666995387138345e-06,3.0666995387138345e-06
2.950258420108849e-06,2.950258420108849e-06
2.8380894116109685e-06,2.8380894116109685e-06
2.7300461354665325e-06,2.7300461354665325e-06
2.6259864949873552e-06,2.6259864949873552e-06
2.5257726039779604e-06,2.5257726039779604e-06
2.4292707126765805e-06,2.4292707126765805e-06
2.3363511307279983e-06,2.3363511307279983e-06
2.2468881476647857e-06,2.2468881476647857e-06
2.1607599513345537e-06,2.1607599513345537e-06
2.0778485446743337e-06,2.0778485446743337e-06
1.9980396611991027e-06,1.9980396611991027e-06
1.921222679539539e-06,1.921222679539539e-06
1.8472905373343804e-06,1.8472905373343804e-06
1.776139644754962e-06,1.776139644754962e-06
1.7076697979136868e-06,1.7076697979136868e-06
1.6417840923841235e-06,1.6417840923841235e-06
1.5783888370380966e-06,1.5783888370380966e-06
1.517393468384376e-06,1.517393468384376e-06
1.4587104655743473e-06,1.4587104655743473e-06
1.4022552662222397e-06,1.4022552662222397e-06
1.347946183170989e-06,1.347946183170989e-06
1.2957043223196151e-06,1.2957043223196151e-06
1.245453501613919e-06,1.245453501613919e-06
1.1971201712893824e-06,1.1971201712893824e-06
1.150633335443182e-06,1.150633335443182e-06
1.105924475001338e-06,1.1059244750013381e-06
1.0629274721369266e-06,1.0629274721369266e-06
1.0215785361860357e-06,1.0215785361860355e-06
9.818161310997837e-07,9.818161310997837e-07
9.435809044629532e-07,9.435809044629532e-07
9.068156181027844e-07,9.068156181027845e-07
8.714650803050935e-07,8.714650803050935e-07
8.37476079649054e-07,8.37476079649054e-07
8.047973204667155e-07,8.047973204667155e-07
7.733793599286088e-07,7.733793599286088e-07
7.43174546752446e-07,7.43174546752446e-07
7.141369615281155e-07,7.141369615281155e-07
6.862223586486832e-07,6.862223586486832e-07
6.593881098340547e-07,6.593881098340547e-07
6.335931492311866e-07,6.335931492311866e-07
6.087979200723241e-07,6.087979200723241e-07
5.849643228706015e-07,5.849643228706015e-07
5.620556651304593e-07,5.620556651304593e-07
5.400366125487415e-07,5.400366125487415e-07
5.188731416808969e-07,5.188731416808969e-07
4.985324940455408e-07,4.985324940455408e-07
4.789831316396261e-07,4.789831316396261e-07
4.601946938356505e-07,4.601946938356505e-07
4.421379556316206e-07,4.4213795563162056e-07
4.247847872240137e-07,4.2478478722401356e-07
4.0810811487353873e-07,4.0810811487353873e-07
3.9208188303323953e-07,3.9208188303323953e-07
3.766810177083045e-07,3.7668101770830445e-07
3.618813910168612e-07,3.6188139101686117e-07
3.47659786921077e-07,3.47659786921077e-07
3.339938680979352e-07,3.339938680979352e-07
3.2086214391924374e-07,3.2086214391924374e-07
3.0824393951065865e-07,3.0824393951065865e-07
2.961193658597668e-07,2.961193658597668e-07
2.844692909436148e-07,2.8446929094361474e-07
2.73275311846437e-07,2.73275311846437e-07
2.6251972783875575e-07,2.6251972783875575e-07
2.521855143894485e-07,2.521855143894485e-07
2.422562980828898e-07,2.422562980828898e-07
2.32716332413722e-07,2.3271633241372198e-07
2.235504744323738e-07,2.235504744323738e-07
2.147441622149521e-07,2.147441622149521e-07
2.062833931316928e-07,2.062833931316928e-07
1.981547028887201e-07,1.9815470288872004e-07
1.9034514531841985e-07,1.9034514531841985e-07
1.828422728943314e-07,1.828422728943314e-07
1.756341179470172e-07,1.756341179470172e-07
1.687091745579676e-07,1.687091745579676e-07
1.620563811091837e-07,1.6205638110918367e-07
1.5566510346663896e-07,1.5566510346663896e-07
1.4952511877643533e-07,1.4952511877643533e-07
1.4362659985300868e-07,1.4362659985300868e-07
1.3796010013933662e-07,1.3796010013933662e-07
1.3251653921964754e-07,1.3251653921964754e-07
1.2728718886569725e-07,1.2728718886569723e-07
1.22263659598224e-07,1.22263659598224e-07
1.174378877457379e-07,1.174378877457379e-07
1.1280212298333065e-07,1.1280212298333065e-07
1.0834891633471645e-07,1.0834891633471644e-07
1.0407110862123077e-07,1.0407110862123075e-07
9.996181934200593e-08,9.996181934200592e-08
9.60144359700608e-08,9.60144359700608e-08
9.22226036494867e-08,9.22226036494867e-08
8.85802152794273e-08,8.85802152794273e-08
8.508140197096798e-08,8.508140197096798e-08
8.172052386353571e-08,8.172052386353571e-08
7.849216128782775e-08,7.849216128782773e-08
7.539110626271889e-08,7.539110626271889e-08
7.241235431402362e-08,7.241235431402361e-08
6.955109660338044e-08,6.955109660338042e-08
6.680271235593188e-08,6.680271235593187e-08
6.416276157585078e-08,6.416276157585077e-08
6.162697803913926e-08,6.162697803913926e-08
5.9191262553489737e-08,5.919126255348973e-08
5.6851676475343575e-08,5.685167647534357e-08
5.4604435474635e-08,5.4604435474635e-08
5.2445903538026114e-08,5.244590353802611e-08
5.03725872017749e-08,5.03725872017749e-08
4.838113000567145e-08,4.838113000567144e-08
4.646830715979916e-08,4.6468307159799156e-08
4.463102041615519e-08,4.4631020416155186e-08
4.2866293137454137e-08,4.286629313745413e-08
4.117126555571234e-08,4.117126555571234e-08
3.954319021347572e-08,3.954319021347572e-08
3.7979427580807216e-08,3.797942758080721e-08
3.647744184140602e-08,3.647744184140602e-08
3.50347968414611e-08,3.50347968414611e-08
3.3649152195084666e-08,3.3649152195084666e-08
3.231825954038232e-08,3.2318259540382316e-08
3.10399589404482e-08,3.10399589404482e-08
2.9812175423771486e-08,2.981217542377148e-08
2.86329156587484e-08,2.8632915658748394e-08
2.750026475718957e-08,2.7500264757189578e-08
2.64123832018958e-08,2.6412383201895797e-08
,2.536750389356917e-08
,2.4363929312485826e-08
,2.3400028790542745e-08
,2.2474235889443505e-08
,2.1585045880950763e-08
,2.0731013325284484e-08
,1.9910749743892205e-08
,1.9122921382958723e-08
,1.8366247064159735e-08
,1.7639496119296222e-08
,1.6941486405570537e-08
,1.62710823983925e-08
,1.5627193358716544e-08
,1.5008771572027897e-08
,1.4414810656203827e-08
,1.384434393558209e-08
,1.3296442878668934e-08
,1.2770215597021032e-08
,1.2264805402921592e-08
,1.1779389423572112e-08
,1.1313177269600124e-08
,1.0865409755772244e-08
,1.0435357671879713e-08
,1.0022320601844365e-08
,9.625625789166883e-09
,9.244627046910297e-09
,8.878703710481619e-09
,8.527259631544894e-09
,8.189722211455879e-09
,7.865541472680825e-09
,7.554189166708672e-09
,7.255157917037247e-09
,6.967960395857622e-09
,6.692128533119563e-09
,6.427212756712626e-09
,6.172781262543219e-09
,5.928419313337738e-09
,5.693728565046419e-09
,5.468326419766907e-09
,5.251845404146193e-09
,5.043932572265533e-09
,4.844248932043989e-09
,4.6524688942405695e-09
,4.468279743167116e-09
,4.291381128260416e-09
,4.121484575693529e-09
,3.958313019239376e-09
,3.8016003496312155e-09
,3.6510909816922054e-09
,3.5065394385354446e-09
,3.3677099521656285e-09
,3.2343760798324972e-09
,3.106320335523056e-09
,2.9833338359906858e-09
,2.8652159607543254e-09
,2.7517740255138706e-09
,2.64282296845643e-09
,2.5381850489449154e-09
,2.437689558100532e-09
,2.3411725408128e-09
,2.2484765287251498e-09
,2.159450283763716e-09
,2.0739485517959516e-09
,1.991831826016722e-09
,1.9129661196814473e-09
,1.8372227478152703e-09
,1.7644781175466979e-09
,1.694613526723868e-09
,1.6275149704872885e-09
,1.5630729554858144e-09
,1.5011823214336175e-09
,1.4417420697189111e-09
,1.3846551987860458e-09
,1.329828546023957e-09
,1.2771726359035719e-09
,1.2266015341183613e-09
,1.1780327074904068e-09
,1.1313868894148834e-09
,1.0865879506236758e-09
,1.043562775058596e-09
,1.002241140652813e-09
,9.625556048250846e-10
,9.244413945030058e-10
,8.878363004939938e-10
,8.5268057603408e-10
,8.189168393485162e-10
,7.864899800659796e-10
,7.553470693341175e-10
,7.254372734902874e-10
,6.967117711464138e-10
,6.691236735542989e-10
,6.426279481201635e-10
,6.171813449451957e-10
,5.927423262719914e-10
,5.69270998722003e-10
,5.467290482135649e-10
,5.250796774552046e-10
,5.042875459114592e-10
,4.84318712144102e-10
,4.651405784347863e-10
,4.46721837598361e-10
,4.290324219013379e-10
,4.120434540009144e-10
,3.957271998257355e-10
,3.8005702332104815e-10
,3.650073429846483e-10
,3.50553590122915e-10
,3.366721687585902e-10
,3.2334041712525233e-10
,3.1053657068586354e-10
,2.9823972661446063e-10
,2.8642980968385063e-10
,2.750875395032282e-10
,2.6419439905256827e-10
,2.5373260446218943e-10
,2.4368507598860604e-10
,2.340354101390492e-10
,2.2476785289932784e-10
,2.15867274021362e-10
,2.0731914232844814e-10
,1.9910950199800063e-10
,1.9122494978306158e-10
,1.836526131355631e-10
,1.7638012919526837e-10
,1.6939562461087644e-10
,1.6268769615941156e-10
,1.562453921332021e-10
,1.500581944633095e-10
,1.4411600155097162e-10
,1.384091117784073e-10
,1.3292820767257193e-10
,1.2766434069565683e-10
,1.2260891663783344e-10
,1.1775368158821253e-10
,1.1309070846119563e-10
,1.086123840562336e-10
,1.043113966298802e-10
,1.001807239598491e-10
,9.621362188166528e-11
,9.240361327906092e-11
,8.874447751026276e-11
,8.523024025305206e-11
,8.185516375166291e-11
,7.861373744984989e-11
,7.550066899501325e-11
,7.251087559815162e-11
,6.96394757362499e-11
,6.688178118287564e-11
,6.423328935450339e-11
,6.168967595978796e-11
,5.924678793993316e-11
,5.69006366884297e-11
,5.464739153948543e-11
,5.248337351403396e-11
,5.040504931350047e-11
,4.840902555137801e-11
,4.649204321307222e-11
,4.4650972335292725e-11
,4.288280689596788e-11
,4.118465990654731e-11
,3.9553758698611406e-11
,3.798744039713711e-11
,3.648314757293696e-11
,3.5038424067306346e-11
,3.3650910981953753e-11
,3.231834282776396e-11
,3.103854382594001e-11
,2.980942435578615e-11
,2.8628977542927737e-11
,2.749527598284383e-11
,2.640646859394772e-11
,2.5360777595391357e-11
,2.4356495604492622e-11
,2.3391982849104424e-11
,2.2465664490357403e-11
,2.1576028051446016e-11
,2.0721620948133797e-11
,1.990104811720004e-11
,1.911296973862795e-11
,1.835609904809326e-11
,1.7629200236032723e-11
,1.6931086429933263e-11
,1.626061775644169e-11
,1.561669948033496e-11
,1.4998280217055555e-11
,1.4404350216108553e-11
,1.3833939712399578e-11
,1.3286117342863185e-11
,1.275998862578429e-11
,1.2254694500361725e-11
,1.176940992403025e-11
,1.130334252544443e-11
,1.085573131065889e-11
,1.0425845420687415e-11
,1.0012982938133736e-11
,9.616469741154787e-12
,9.235658402787482e-12
,8.869927133853705e-12
,8.518678767702243e-12
,8.181339785210926e-12
,7.8573593783605e-12
,7.5462085508578e-12
,7.247379254459842e-12
,6.960383559406303e-12
,6.684752857764505e-12
,6.420037098276007e-12
,6.165804051562906e-12
,5.921638604355538e-12
,5.6871420817220646e-12
,5.461931596126419e-12
,5.245639422242302e-12
,5.03791239654877e-12
,4.83841134068588e-12
,4.646810507662715e-12
,4.462797049953264e-12
,4.286070508719916e-12
,4.11634232321032e-12
,3.953335359586481e-12
,3.796783458448133e-12
,3.646431000234722e-12
,3.502032487866095e-12
,3.3633521458712352e-12
,3.2301635354491318e-12
,3.102249184715582e-12
,2.979400233627308e-12
,2.861416092954928e-12
,2.748104116761354e-12
,2.639279287848162e-12
,2.5347639156680963e-12
,2.4343873461805046e-12
,2.3379856832144037e-12
,2.2454015208655233e-12
,2.156483686462815e-12
,2.071086993764707e-12
,1.989072005865122e-12
,1.9103048075511064e-12
,1.834656786623861e-12
,1.7620044239144243e-12
,1.6922290915915766e-12
,1.6252168594711966e-12
,1.5608583089891017e-12
,1.499048354542626e-12
,1.4396860719041579e-12
,1.3826745334392391e-12
,1.3279206498244984e-12
,1.275335018079177e-12
,1.2248317755563514e-12
,1.1763284597681448e-12
,1.1297458737309375e-12
,1.085007956652859e-12
,1.0420416597465862e-12
,1.000776826940773e-12
,9.611460803469055e-13
,9.230847102335655e-13
,8.865305693633157e-13
,8.514239715292925e-13
,8.177075940924363e-13
,7.853263843853526e-13
,7.542274698211214e-13
,7.243600715670726e-13
,6.956754216247843e-13
,6.681266832066545e-13
,6.416688742587685e-13
,6.162587940134291e-13
,5.918549524507166e-13
,5.684175025529361e-13
,5.459081752419408e-13
,5.242902168930087e-13
,5.035283293227438e-13
,4.835886121529812e-13
,4.64438507462708e-13
,4.460467466162934e-13
,4.2838329922072384e-13
,4.1141932408187333e-13
,3.951271221163323e-13
,3.794800911224447e-13
,3.6445268234668827e-13
,3.50020358762964e-13
,3.3615955501119e-13
,3.228476389179866e-13
,3.100628745457554e-13
,2.97784386695032e-13
,2.859921268264524e-13
,2.7466684032140187e-13
,2.637900350427104e-13
,2.5334395114350774e-13
,2.4331153206476743e-13
,2.3367639668447973e-13
,2.2442281257693812e-13
,2.1553567031719018e-13
,2.0700045881374103e-13
,1.9880324161349767e-13
,1.909306341486733e-13
,1.833697818759199e-13
,1.7610833929641505e-13
,1.6913444978785448e-13
,1.624367262542185e-13
,1.5600423252578863e-13
,1.4982646550543548e-13
,1.43893338018549e-13
,1.3261210131537391e-13
,1.1551005507958967e-12
,1.1313477647497443e-11
,4.5345200587898146e-11
,1.232894495929389e-10
,2.6935987809499775e-10
,5.109949504690957e-10
,8.780608794184615e-10
,1.402185487507333e-09
,2.1162042093782147e-09
,3.0537019738049913e-09
,4.248636903068214e-09
,5.735033681178038e-09
,7.546736107530723e-09
,9.71720979982285e-09
,1.2279387266906178e-08
,1.5265548662873725e-08
,1.8707232479222986e-08
,2.263517125104441e-08
,2.7079248062122432e-08
,3.2068470246897786e-08
,3.7630957216879965e-08
,4.379393979626516e-08
,5.058376884568621e-08
,5.802593129256009e-08
,6.614507197861411e-08
,7.496501998620934e-08
,8.450881832052245e-08
,9.479875600929952e-08
,1.0585640183989234e-07
,1.1770263908829893e-07
,1.3035770071003916e-07
,1.4384120456068332e-07
,1.581721882970551e-07
,1.7336914368062344e-07
,1.8945005006414074e-07
,2.0643240689274503e-07
,2.2433326509281764e-07
,2.4316925725709004e-07
,2.6295662656372384e-07
,2.8371125439135705e-07
,3.054486866119633e-07
,3.281841585596609e-07
,3.519326186867126e-07
,3.767087509284681e-07
,4.025269958072523e-07
,4.2940157031160177e-07
,4.573464865920556e-07
,4.863755695182032e-07
,5.165024731440905e-07
,5.477406961305623e-07
,5.80103596173868e-07
,6.136044034899995e-07
,6.482562334038125e-07
,6.840720980913078e-07
,7.210649175222954e-07
,7.592475296493807e-07
,7.986326998877379e-07
,8.392331299284682e-07
,8.810614659266274e-07
,9.24130306103236e-07
,9.684522077987723e-07
,1.0140396940138042e-06
,1.060905259470655e-06
,1.1090613762281614e-06
,1.1585204988798873e-06
,1.2092950693644254e-06
,1.2613975214148076e-06
,1.3148402846724236e-06
,1.3696357884893828e-06
,1.4257964654417192e-06
,1.483334754574561e-06
,1.5422631043989483e-06
,1.602593975658812e-06
,1.6643398438854123e-06
,1.7275132017553837e-06
,1.7921265612675204e-06
,1.8581924557523833e-06
,1.9257234417279213e-06
,1.9947321006133485e-06
,2.0652310403127416e-06
,2.1372328966790057e-06
,2.2107503348681585e-06
,2.285796050593111e-06
,2.3623827712856406e-06
,2.4405232571744182e-06
,2.5202303022866762e-06
,2.6015167353802854e-06
,2.6843954208127404e-06
,2.7688792593529905e-06
,2.854981188941648e-06
,2.9427141854047135e-06
,3.0320912631255734e-06
,3.1231254756797414e-06
,3.215829916436332e-06
,3.3102177191302234e-06
,3.406302058408291e-06
,3.5040961503530673e-06
,3.6036132529868136e-06
,3.704866666758812e-06
,3.8078697350184865e-06
,3.9126358444767496e-06
,4.019178425657763e-06
,4.127510953343212e-06
,4.237646947010994e-06
,4.349599971270032e-06
,4.463383636292898e-06
,4.5790115982476805e-06
,4.696497559730572e-06
,4.8158552702003255e-06
,4.937098526415911e-06
,5.060241172878321e-06
,5.185297102277633e-06
,5.312280255946174e-06
,5.441204624318693e-06
,5.572084247400283e-06
,5.704933215242781e-06
,5.839765668430339e-06
,5.976595798574687e-06
,6.115437848820768e-06
,6.256306114363071e-06
,6.39921494297333e-06
,6.544178735539844e-06
,6.691211946618903e-06
,6.840329084998573e-06
,6.991544714275287e-06
,7.144873453443382e-06
,7.300329977497971e-06
,7.457929018051251e-06
,7.617685363962565e-06
,7.779613861982343e-06
,7.943729417410085e-06
,8.110046994766523e-06
,8.278581618480172e-06
,8.449348373588191e-06
,8.622362406451865e-06
,8.797638925486593e-06
,8.975193201906599e-06
,9.155040570484287e-06
,9.337196430324357e-06
,9.521676245652696e-06
,9.708495546620002e-06
,9.897669930120266e-06
,1.0089215060623936e-05
,1.0283146671026002e-05
,1.0479480563508608e-05
,1.067823261041862e-05
,1.0879418755159705e-05
,1.1083055013099196e-05
,1.1289157472489428e-05
,1.1497742295403721e-05
,1.1708825718686853e-05
,1.1922424054919875e-05
,1.2138553693399476e-05
,1.2357231101131386e-05
,1.2578472823838273e-05
,1.2802295486981605e-05
,1.3028715796797675e-05
,1.3257750541347532e-05
,1.3489416591580947e-05
,1.3723730902414012e-05
,1.3960710513820607e-05
,1.4200372551937467e-05
,1.444273423018269e-05
,1.4687812850387862e-05
,1.4935625803943336e-05
,1.5186190572956887e-05
,1.543952473142551e-05
,1.5695645946420147e-05
,1.59545719792835e-05
,1.6216320686840644e-05
,1.6480910022622323e-05
,1.674835803810094e-05
,1.7018682883939085e-05
,1.7291902811250533e-05
,1.7568036172873404e-05
,1.784710142465579e-05
,1.8129117126753384e-05
,1.8414101944939063e-05
,1.8702074651924526e-05
,1.8993054128693707e-05
,1.9287059365847897e-05
,1.9584109464962462e-05
,1.9884223639955145e-05
,2.0187421218465755e-05
,2.0493721643247182e-05
,2.0803144473567655e-05
,2.1115709386624143e-05
,2.1431436178966743e-05
,2.1750344767934196e-05
,2.2072455193099893e-05
,2.239778761772921e-05
,2.2726362330246934e-05
,2.305819974571573e-05
,2.339332040732484e-05
,2.3731744987889487e-05
,2.4073494291360285e-05
,2.441858925434323e-05
,2.4767050947629665e-05
,2.5118900577736553e-05
,2.5474159488456652e-05
,2.5832849162418627e-05
,2.6194991222657306e-05
,2.6560607434193395e-05
,2.6929719705623422e-05
,2.730235009071891e-05
,2.767852079003563e-05
,2.805825415253209e-05
,2.84415726771978e-05
,2.882849901469092e-05
,2.9219055968985274e-05
,2.9613266499026913e-05
,3.0011153720399807e-05
,3.0412740907001003e-05
,3.081805149272491e-05
,3.122710907315686e-05
,3.16399374072758e-05
,3.205656041916608e-05
,3.2477002199738514e-05
,3.2901287008460315e-05
,3.332943927509416e-05
,3.376148360144639e-05
,3.419744476312398e-05
,3.4637347711300684e-05
,3.508121757449213e-05
,3.552907966033984e-05
,3.59809594574041e-05
,3.643688263696593e-05
,3.6896875054838005e-05
,3.736096275318423e-05
,3.782917196234862e-05
,3.83015291026928e-05
,3.877806078644274e-05
,3.9258793819544145e-05
,3.97437552035269e-05
,4.023297213737872e-05
,4.07264720194274e-05
,4.122428244923239e-05
,4.1726431229485246e-05
,4.2232946367919073e-05
,4.27438560792273e-05
,4.32591887869913e-05
,4.377897312561728e-05
,4.430323794228235e-05
,4.483201229888973e-05
,4.536532547403335e-05
,4.590320696497156e-05
,4.644568648961034e-05
,4.6992793988495834e-05
,4.754455962681634e-05
,4.8101013796413765e-05
,4.86621871178046e-05
,4.922811044221062e-05
,4.9798814853599235e-05
,5.037433167073328e-05
,5.095469244923101e-05
,5.153992898363582e-05
,5.2130073309495644e-05
,5.2725157705452776e-05
,5.332521469534331e-05
,5.393027705030727e-05
,5.4540377790908396e-05
,5.515555018926481e-05
,5.5775827771189464e-05
,5.6401244318341814e-05
,5.70318338703893e-05
,5.7667630727180074e-05
,5.8308669450926224e-05
,5.895498486839785e-05
,5.960661207312818e-05
,6.02635864276297e-05
,6.0925943565621365e-05
,6.159371939426721e-05
,6.22669500964262e-05
,6.294567213291356e-05
,6.362992224477379e-05
,6.431973745556515e-05
,6.50151550736563e-05
,6.571621269453435e-05
,6.642294820312573e-05
,6.713539977612811e-05
,6.785360588435572e-05
,6.85776052950963e-05
,6.930743707448117e-05
,7.004314058986712e-05
,7.07847555122321e-05
,7.15323218185831e-05
,7.228587979437729e-05
,7.304547003595642e-05
,7.381113345299449e-05
,7.458291127095869e-05
,7.536084503358446e-05
,7.61449766053635e-05
,7.69353481740464e-05
,7.773200225315882e-05
,7.853498168453213e-05
,7.934432964084815e-05
,8.016008962819841e-05
,8.098230548865826e-05
,8.181102140287541e-05
,8.264628189267349e-05
,8.348813182367091e-05
,8.433661640791463e-05
,8.519178120652969e-05
,8.605367213238385e-05
,8.69223354527685e-05
,8.77978177920948e-05
,8.868016613460653e-05
,8.956942782710859e-05
,9.046565058171239e-05
,9.136888247859706e-05
,9.227917196878867e-05
,9.31965678769546e-05
,9.412111940421625e-05
,9.505287613097908e-05
,9.59918880197788e-05
,9.693820541814664e-05
,9.789187906149118e-05
,9.885296007599903e-05
,9.982149998155314e-05
,0.00010079755069466957
,0.00010178116453145269
,0.00010277239421056912
,0.00010377129285624044
,0.00010477791400125525
,0.00010579231159000001
,0.00010681453998150964
,0.00010784465395253793
,0.00010888270870064687
,0.00010992875984731728
,0.00011098286344107846
,0.00011204507596065918
,0.00011311545431815836
,0.00011419405586223769
,0.0001152809383813339
,0.00011637616010689334
,0.00011747977971662729
,0.00011859185633778931
,0.00011971244955047417
,0.00012084161939093854
,0.00012197942635494449
,0.00012312593140112511
,0.00012428119595437242
,0.00012544528190924878
,0.00012661825163342086
,0.0001278001679711174
,0.00012899109424660944
,0.00013019109426771537
,0.00013140023232932965
,0.00013261857321697487
,0.00013384618221037878
,0.00013508312508707658
,0.00013632946812603598
,0.00013758527811130988
,0.00013885062233571152
,0.00014012556860451734
,0.00014141018523919425
,0.0001427045410811532
,0.00014400870549552823
,0.00014532274837498324
,0.0001466467401435432
,0.000147980751760454
,0.00014932485472406837
,0.00015067912107575844
,0.0001520436234038568
,0.0001534184348476241
,0.000154803629101245
,0.00015619928041785152
,0.00015760546361357497
,0.00015902225407162548
,0.00016044972774640064
,0.000161887961167622
,0.0001633370314445008
,0.00016479701626993175
,0.00016626799392471594
,0.00016775004328181304
,0.00016924324381062148
,0.00017074767558128786
,0.00017226341926904543
,0.00017379055615858094
,0.00017532916814842953
,0.0001768793377553986
,0.00017844114811901921
,0.00018001468300602567
,0.00018160002681486077
,0.00018319726458020943
,0.00018480648197755664
,0.00018642776532777196
,0.00018806120160171593
,0.0001897068784248721
,0.00019136488408199874
,0.00019303530752180127
,0.00019471823836162373
,0.00019641376689215638
,0.00019812198408215704
,0.00019984298158318473
,0.00020157685173434247
,0.00020332368756702474
,0.0002050835828096672
,0.00020685663189249533
,0.0002086429299522643
,0.00021044257283698824
,0.00021225565711065181
,0.00021408228005789787
,0.0002159225396886829
,0.00021777653474289502
,0.00021964436469492377
,0.00022152612975817317
,0.0002234219308895068
,0.0002253318697936146
,0.0002272560489272864
,0.00022919457150358212
,0.00023114754149588021
,0.00023311506364178753
,0.00023509724344689752
,0.00023709418718837052
,0.0002391060019183198
,0.00024113279546697893
,0.00024317467644562486
,0.0002452317542492309
,0.0002473041390588211
,0.00024939194184349296
,0.0002514952743620774
,0.0002536142491643988
,0.00025574897959209736
,0.000257899579778972
,0.0002600661646508019
,0.00026224884992459704
,0.0002644477521072319
,0.00026666298849340646
,0.00026889467716288197
,0.00027114293697692903
,0.00027340788757392834
,0.00027568964936405935
,0.0002779883435230043
,0.0002803040919845976
,0.00028263701743234585
,0.0002849872432897356
,0.0002873548937092503
,0.00028974009356000396
,0.00029214296841390864
,0.00029456364453027775
,0.00029700224883876864
,0.0002994589089205674
,0.00030193375298770956
,0.0003044269098604336
,0.0003069385089424556
,0.0003094686801940552
,0.00031201755410285924
,0.0003145852616522057
,0.00031717193428697053
,0.0003197777038767389
,0.00032240270267619735
,0.00032504706328262965
,0.0003277109185903902
,0.0003303944017422341
,0.0003330976460773849
,0.0003358207850762145
,0.00033856395230142213
,0.0003413272813355896
,0.00034411090571500295
,0.00034691495885962693
,0.0003497395739991259
,0.0003525848840948288
,0.00035545102175754245
,0.0003583381191611179
,0.00036124630795169037
,0.00036417571915251385
,0.00036712648306432125
,0.00037009872916115156
,0.00037309258598159663
,0.0003761081810154238
,0.000379145640585553
,0.0003822050897253708
,0.00038528665205137853
,0.0003883904496311891
,0.00039151660284689844
,0.0003946652302538732
,0.00039783644843501323
,0.0004010303718505666
,0.0004042471126835841
,0.00040748678068113213
,0.00041074948299138367
,0.00041403532399674576
,0.00041734440514318294
,0.0004206768247659334
,0.0004240326779118157
,0.00042741205615836784
,0.0004308150474300578
,0.0004342417358118443
,0.0004376922013603737
,0.0004411665199131299
,0.00044466476289587163
,0.00044818699712870637
,0.00045173328463118023
,0.0004553036824267781
,0.000458898242347241
,0.00046251701083714283
,0.00046616002875916955
,0.0004698273312005687
,0.0004735189472812556
,0.00047723489996407407
,0.00048097520586772073
,0.0004847398750828632
,0.0004885289109919858
,0.0004923423100935128
,0.0004961800618307602
,0.0005000421484262829
,0.0005039285447221858
,0.0005078392180269659
,0.0005117741279694636
,0.0005157332263604946
,0.000519716457062737
,0.0005237237558694363
,0.0005277550503924979
,0.0005318102599605141
,0.0005358892955272769
,0.0005399920595913077
,0.0005441184461269178
,0.0005482683405273122
,0.0005524416195602153
,0.0005566381513364878
,0.0005608577952921722
,0.0005651004021843987
,0.0005693658141015336
,0.0005736538644879458
,0.0005779643781837248
,0.00058229717147966
,0.000586652052187756
,0.0005910288197275267
,0.000595427265228271
,0.0005998471716475066
,0.000604288313905688
,0.0006087504590373096
,0.0006132333663584477
,0.0006177367876507522
,0.0006222604673618735
,0.0006268041428222473
,0.0006313675444781432
,0.0006359503961408109
,0.0006405524152515585
,0.0006451733131625072
,0.000649812795432766
,0.0006544705621397126
,0.0006591463082050173
,0.0006638397237350283
,0.0006685504943750878
,0.0006732783016772956
,0.000678022823481238
,0.0006827837343071204
,0.0006875607057607388
,0.0006923534069496879
,0.0006971615049101495
,0.0007019846650436101
,0.0007068225515628053
,0.0007116748279461626
,0.0007165411574000017
,0.0007214212033277225
,0.000726314629805183
,0.0007312211020614662
,0.0007361402869642056
,0.0007410718535086271
,0.0007460154733094529
,0.0007509708210948124
,0.0007559375752012701
,0.000760915418069107
,0.0007659040367369586
,0.0007709031233349325
,0.0007759123755753107
,0.0007809314972399516
,0.00078596019866351
,0.0007909981972115941
,0.0007960452177529899
,0.0008011009931250867
,0.0008061652645916526
,0.0008112377822921148
,0.0008163183056815187
,0.0008214066039603504
,0.0008265024564934265
,0.00083160565321706
,0.0008367159950337556
,0.0008418332941936759
,0.0008469573746621613
,0.00085208807247261
,0.0008572252360640193
,0.0008623687266025555
,0.0008675184182865029
,0.0008726741986339942
,0.0008778359687529334
,0.0008830036435925656
,0.000888177152176149
,0.0008933564378142327
,0.0008985414582980734
,0.0009037321860727176
,0.0009089286083893557
,0.0009141307274365273
,0.0009193385604498301
,0.0009245521397997858
,0.0009297715130575493
,0.0009349967430381899
,0.0009402279078212767
,0.000945465100748547
,0.0009507084303984646
,0.0009559580205374904
,0.0009612140100479281
,0.0009664765528322233
,0.0009717458176936405
,0.0009770219881932549
,0.0009823052624832224
,0.0009875958531163395
,0.0009928939868319078
,0.0009981999043179575
,0.0010035138599499224
,0.0010088361215058622
,0.0010141669698583813
,0.001019506698643406
,0.0010248556139060172
,0.0010302140337235576
,0.0010355822878062781
,0.001040960717075791
,0.0010463496732216395
,0.00105174951823635
,0.0010571606239292964
,0.0010625833714198072
,0.0010680181506099388
,0.0010734653596373572
,0.0010789254043088435
,0.0010843986975149237
,0.0010898856586261984
,0.0010953867128719187
,0.0011009022907014715
,0.0011064328271293772
,0.0011119787610645048
,0.0011175405346242056
,0.0011231185924341074
,0.0011287133809143445
,0.0011343253475530344
,0.0011399549401678272
,0.0011456026061564086
,0.0011512687917368575
,0.0011569539411787776
,0.0011626584960261783
,0.0011683828943130966
,0.0011741275697729691
,0.0011798929510428216
,0.0011856794608633447
,0.0011914875152759601
,0.0011973175228180148
,0.001203169883717251
,0.0012090449890867403
,0.0012149432201214677
,0.0012208649472978037
,0.0012268105295770862
,0.0012327803136145809
,0.0012387746329750808
,0.0012447938073564275
,0.0012508381418222523
,0.001256907926045233
,0.001263003433562157
,0.0012691249210421318
,0.001275272627569206
,0.0012814467739407332
,0.0012876475619827696
,0.001293875173883785
,0.0013001297715479658
,0.0013064114959693719
,0.001312720466628181
,0.0013190567809102465
,0.001325420513551146
,0.0013318117161059066
,0.0013382304164455045
,0.0013446766182812681
,0.0013511503007182153
,0.0013576514178383395
,0.0013641798983148247
,0.0013707356450580962
,0.0013773185348945683
,0.001383928418278915
,0.0013905651190405904
,0.0013972284341653208
,0.0014039181336121687
,0.001410633960166742
,0.0014173756293310463
,0.00142414282925039
,0.0014309352206776983
,0.0014377524369755218
,0.0014445940841559181
,0.0014514597409583635
,0.0014583489589656906
,0.0014652612627580797
,0.00147219615010494
,0.0014791530921945235
,0.0014861315339009804
,0.0014931308940885177
,0.0015001505659522302
,0.0015071899173950915
,0.001514248291440535
,0.0015213250066799559
,0.0015284193577543954
,0.001535530615869641
,0.0015426580293438012
,0.0015498008241864871
,0.001556958204708542
,0.0015641293541612752
,0.0015713134354040537
,0.001578509591599088
,0.0015857169469321477
,0.001592934607357962
,0.001600161661368909
,0.001607397180785674
,0.001614640221568438
,0.0016218898246471499
,0.001629145016769401
,0.0016364048113644066
,0.0016436682094215583
,0.001650934200382006
,0.0016582017630417023
,0.001665469866464365
,0.0016727374709027427
,0.0016800035287266514
,0.0016872669853561833
,0.0016945267801985284
,0.0017017818475868584
,0.0017090311177197226
,0.0017162735175994485
,0.0017235079719680358
,0.001730733404239074
,0.00173794873742423
,0.0017451528950529114
,0.001752344802083697
,0.001759523385806219
,0.0017666875767321914
,0.0017738363094743032
,0.0017809685236118023
,0.0017880831645415759
,0.001795179184313607
,0.0018022555424497793
,0.0018093112067449815
,0.0018163451540495442
,0.0018233563710321617
,0.001830343854922384
,0.0018373066142319278
,0.0018442436694540614
,0.001851154053740387
,0.001858036813554401
,0.0018648910093012692
,0.0018717157159333175
,0.0018785100235307974
,0.0018852730378575147
,0.0018920038808910192
,0.0018987016913270588
,0.0019053656250580682
,0.001911994855625551
,0.0019185885746462114
,0.0019251459922117748
,0.0019316663372625049
,0.0019381488579344086
,0.0019445928218802511
,0.001950997516564473
,0.001957362249532198
,0.0019636863486525305
,0.0019699691623364106
,0.0019762100597292796
,0.0019824084308789174
,0.0019885636868788082
,0.001994675259987393
,0.002000742603723675
,0.0020067651929395903
,0.0020127425238696695
,0.002018674114158432
,0.002024559502866095
,0.002030398250453112
,0.0020361899387441205
,0.002041934170871878
,0.002047630571201774
,0.002053278785237562
,0.0020588784795088954
,0.0020644293414413335
,0.0020699310792094416
,0.0020753834215736554
,0.002080786117701528
,0.0020861389369740656
,0.0020914416687777744
,0.0020966941222831
,0.0021018961262099217
,0.002107047528580742
,0.002112148196462268
,0.0021171980156959756
,0.0021221968906183827
,0.0021271447437715986
,0.0021320415156048282
,0.0021368871641674527
,0.0021416816647942746
,0.002146425009783588
,0.0021511172080685916
,0.00215575828488283
,0.00216034828142014
,0.0021648872544897226
,0.0021693752761668744
,0.002173812433439902
,0.002178198827853757
,0.002182534575150867
,0.0021868198049097122
,0.0021910546601815488
,0.00219523929712581
,0.0021993738846445847
,0.0022034586040166307
,0.0022074936485313185
,0.0022114792231229356
,0.002215415544005693
,0.002219302838309845
,0.0022231413437192498
,0.0022269313081107185
,0.002230672989195473
,0.0022343666541630187
,0.002238012579327729
,0.0022416110497784085
,0.0022451623590311236
,0.002248666808685502
,0.00225212470808479
,0.002255536373979834
,0.002258902130197254
,0.0022622223073119215
,0.0022654972423240063
,0.0022687272783406855
,0.0022719127642627296
,0.0022750540544760507
,0.0022781515085484013
,0.0022812054909312736
,0.0022842163706671796
,0.002287184521102343
,0.002290110319604935
,0.002292994147288903
,0.0022958363887434553
,0.0022986374317682887
,0.002301397667114569
,0.002304117488231706
,0.002306797291019989
,0.0023094374735890596
,0.0023120384360222515
,0.0023146005801468095
,0.0023171243093099876
,0.0023196100281609945
,0.0023220581424388004
,0.002324469058765778
,0.00232684318444712
,0.002329180927276064
,0.002331482695344813
,0.0023337488968611765
,0.0023359799399708297
,0.002338176232585189
,0.002340338182214791
,0.002342466195808194
,0.002344560679596248
,0.0023466220389417427
,0.0023486506781943252
,0.0023506470005506216
,0.0023526114079195012
,0.0023545443007923807
,0.0023564460781185267
,0.002358317137185227
,0.002360157873502799
,0.00236196868069431
,0.0023637499503899482
,0.0023655020721259443
,0.0023672254332479637
,0.0023689204188188724
,0.0023705874115308007
,0.0023722267916213976
,0.0023738389367941857
,0.0023754242221429548
,0.002376983020080059
,0.002378515700268559
,0.002380022629558109
,0.0023815041719244885
,0.0023829606884127035
,0.0023843925370835486
,0.0023858000729635644
,0.0023871836479982802
,0.002388543611008648
,0.0023898803076506147
,0.002391194080377709
,0.0023924852684065645
,0.002393754207685313
,0.0023950012308647435
,0.0023962266672721473
,0.002397430842887761
,0.0023986140803237688
,0.0023997766988056927
,0.0024009190141562036
,0.0024020413387811773
,0.0024031439816579927
,0.0024042272483259476
,0.0024052914408787384
,0.0024063368579589337
,0.002407363794754363
,0.002408372542996359
,0.002409363390959762
,0.0024103366234646496
,0.0024112925218797232
,0.0024122313641272534
,0.002413153424689543
,0.002414058974616878
,0.0024149482815368347
,0.002415821609664964
,0.002416679219816713
,0.002417521369420605
,0.0024183483125325748
,0.002419160299851417
,0.0024199575787352996
,0.0024207403932193007
,0.0024215089840338884
,0.0024222635886243273
,0.002423004441170967
,0.002423731772610318
,0.0024244458106569395
,0.0024251467798260505
,0.002425834901456833
,0.002426510393736389
,0.0024271734717243127
,0.002427824347377838
,0.0024284632295775363
,0.002429090324153488
,0.0024297058339119632
,0.0024303099586624956
,0.002430902895245399
,0.00243148483755962
,0.002432055976590948
,0.0024326165004405526
,0.0024331665943537607
,0.00243370644074914
,0.0024342362192477725
,0.0024347561067027557
,0.002435266277228871
,0.0024357669022324127
,0.0024362581504411545
,0.002436740187934417
,0.0024372131781732354
,0.002437677282030594
,0.002438132657821706
,0.0024385794613343403
,0.0024390178458591418
,0.0024394479622199747
,0.0024398699588042165
,0.0024402839815930505
,0.0024406901741916747
,0.0024410886778594774
,0.0024414796315401113
,0.0024418631718914944
,0.0024422394333156903
,0.0024426085479886963
,0.002442970645890075
,0.0024433258548324814
,0.002443674300491016
,0.002444016106432435
,0.002444351394144193
,0.0024446802830632997
,0.0024450028906050194
,0.0024453193321913435
,0.002445629721279299
,0.002445934169389027
,0.0024462327861316693
,0.0024465256792370214
,0.002446812954580974
,0.002447094716212715
,0.0024473710663817207
,0.002447642105564472
,0.0024479079324909664
,0.002448168644170962
,0.00244842433591998
,0.0024486751013850505
,0.0024489210325702045
,0.0024491622198617134
,0.0024493987520530507
,0.002449630716369611
,0.0024498581984931534
,0.0024500812825859804
,0.002450300051314843
,0.0024505145858745884
,0.0024507249660115226
,0.002450931270046523
,0.0024511335748978492
,0.0024513319561037155
,0.002451526487844558
,0.0024517172429650586
,0.002451904292995873
,0.002452087708175102
,0.002452267557469485
,0.002452443908595317
,0.0024526168280391077
,0.002452786381077955
,0.0024529526317996673
,0.002453115643122595
,0.0024532754768152227
,0.0024534321935154673
,0.0024535858527497336
,0.0024537365129516926
,0.002453884231480815
,0.002454029064640615
,0.002454171067696677
,0.002454310294894386
,0.002454446799476434
,0.002454580633700042
,0.0024547118488539776
,0.00245484049527527
,0.0024549666223657087
,0.0024550902786081093
,0.0024552115115823014
,0.0024553303679808996
,0.0024554468936248334
,0.0024555611334786424
,0.002455673131665519
,0.002455782931482157
,0.00245589057541333
,0.0024559961051462726
,0.002456099561584826
,0.002456200984863358
,0.002456300414360473
,0.0024563978887125015
,0.002456493445826766
,0.0024565871228946507
,0.002456678956404454
,0.0024567689821540285
,0.0024568572352632197
,0.002456943750186112
,0.002457028560723068
,0.0024571117000325546
,0.0024571932006428113
,0.0024572730944632908
,0.0024573514127959302
,0.0024574281863462204
,0.0024575034452341115
,0.002457577219004718
,0.0024576495366388424
,0.0024577204265633463
,0.002457789916661308
,0.002457858034282047
,0.0024579248062509486
,0.002457990258879134
,0.0024580544179729695
,0.0024581173088434
,0.0024581789563151283
,0.0024582393847356414
,0.002458298617984068
,0.002458356679479896
,0.002458413592191527
,0.002458469378644695
,0.002458524060930717
,0.002458577660714626
,0.0024586301992431327
,0.002458681697352478
,0.002458732175476116
,0.002458781653652286
,0.002458830151531426
,0.0024588776883834873
,0.0024589242831050888
,0.002458969954226553
,0.002459014719918827
,0.002459058598000263
,0.00245910160594329
,0.002459143760880961
,0.0024591850796133745
,0.0024592255786140033
,0.002459265274035869
,0.0024593041817176585
,0.002459342317189673
,0.0024593796956797155
,0.0024594163321188392
,0.0024594522411470086
,0.002459487437118654
,0.002459521934108117
,0.002459555745915008
,0.002459588886069452
,0.0024596213678372537
,0.0024596532042249495
,0.0024596844079847863
,0.002459714991619585
,0.0024597449673875466
,0.0024597743473069276
,0.002459803143160665
,0.0024598313665009004
,0.002459859028653418
,0.0024598861407220027
,0.0024599127135927217
,0.00245993875793812
,0.002459964284221338
,0.002459989302700155
,0.002460013823430958
,0.0024600378562726326
,0.002460061410890377
,0.002460084496759461
,0.002460107123168896
,0.0024601292992250403
,0.002460151033855142
,0.0024601723358108184
,0.002460193213671451
,0.002460213675847539
,0.002460233730583979
,0.0024602533859632734
,0.0024602726499086984
,0.002460291530187394
,0.0024603100344134034
,0.00246032817005066
,0.002460345944415902
,0.002460363364681545
,0.002460380437878495
,0.002460397170898908
,0.0024604135704988997
,0.0024604296433011954
,0.0024604453957977404
,0.00246046083435225
,0.002460475965202722
,0.002460490794463886
,0.002460505328129626
,0.0024605195720753263
,0.0024605335320602145
,0.0024605472137296195
,0.0024605606226172014
,0.002460573764147154
,0.0024605866436363355
,0.0024605992662963855
,0.0024606116372357704
,0.0024606237614618327
,0.002460635643882756
,0.0024606472893095237
,0.002460658702457815
,0.0024606698879498963
,0.002460680850316437
,0.0024606915939983215
,0.002460702123348414
,0.0024607124426332897
,0.002460722556034928
,0.002460732467652381
,0.0024607421815034027
,0.0024607517015260583
,0.002460761031580289
,0.0024607701754494424
,0.0024607791368417937
,0.0024607879193920216
,0.002460796526662663
,0.002460804962145524
,0.0024608132292630925
,0.002460821331369888
,0.002460829271753819
,0.0024608370536374855
,0.0024608446801794733
,0.002460852154475625
,0.0024608594795602627
,0.0024608666584074253
,0.0024608736939320318
,0.002460880588991084
,0.0024608873463847843
,0.0024608939688576677
,0.0024609004590997016
,0.0024609068197473743
,0.0024609130533847392
,0.0024609191625444586
,0.002460925149708824
,0.0024609310173107496
,0.0024609367677347485
,0.0024609424033178924
,0.0024609479263507554
,0.0024609533390783332
,0.0024609586437009355
,0.002460963842375092
,0.002460968937214399
,0.0024609739302903894
,0.0024609788236333455
,0.002460983619233141
,0.0024609883190400235
,0.0024609929249654063
,0.002460997438882642
,0.0024610018626277735
,0.0024610061980002793
,0.0024610104467637935
,0.002461014610646817
,0.002461018691343419
,0.0024610226905139214
,0.0024610266097855626
,0.0024610304507531634
,0.002461034214979762
,0.0024610379039972483
,0.002461041519306983
,0.002461045062380412
,0.002461048534659644
,0.0024610519375580474
,0.0024610552724608154
,0.0024610585407255307
,0.0024610617436827058
,0.002461064882636332
,0.0024610679588643993
,0.002461070973619415
,0.002461073928128911
,0.0024610768235959423
,0.002461079661199567
,0.002461082442095337
,0.0024610851674157492
,0.002461087838270717
,0.0024610904557480166
,0.0024610930209137197
,0.0024610955348126364
,0.0024610979984687324
,0.0024611004128855486
,0.0024611027790465982
,0.0024611050979157765
,0.0024611073704377453
,0.002461109597538312
,0.0024611117801248213
,0.0024611139190865
,0.0024611160152948394
,0.0024611180696039307
,0.0024611200828508237
,0.002461122055855863
,0.002461123989423018
,0.002461125884340213
,0.0024611277413796417
,0.002461129561298087
,0.0024611313448372235
,0.0024611330927239226
,0.0024611348056705444
,0.0024611364843752236
,0.002461138129522162
,0.0024611397417818983
,0.002461141321811587
,0.002461142870255258
,0.002461144387744082
,0.0024611458748966296
,0.002461147332319119
,0.0024611487606056616
,0.002461150160338505
,0.002461151532088268
,0.0024611528764141833
,0.002461154193864304
,0.0024611554849757397
,0.00246115675027488
,0.002461157990277594
,0.002461159205489452
,0.0024611603964059215
,0.00246116156351258
,0.0024611627072853013
,0.0024611638281904556
,0.002461164926685095
,0.002461166003217148
,0.0024611670582255878
,0.002461168092140622
,0.002461169105383862
,0.0024611700983685016
,0.0024611710714994755
,0.0024611720251736273
,0.0024611729597798786
,0.0024611738756993716
,0.0024611747733056443
,0.002461175652964764
,0.0024611765150354846
,0.002461177359869395
,0.002461178187811057
,0.002461178999198148
,0.002461179794361599
,0.0024611805736257293
,0.0024611813373083724
,0.002461182085721019
,0.0024611828191689264
,0.0024611835379512613
,0.0024611842423612044
,0.002461184932686078
,0.002461185609207472
,0.0024611862722013376
,0.0024611869219381137
,0.0024611875586828423
,0.0024611881826952582
,0.002461188794229911
,0.002461189393536261
,0.0024611899808587886
,0.002461190556437078
,0.002461191120505931
,0.002461191673295459
,0.0024611922150311674
,0.00246119274593406
,0.0024611932662207173
,0.002461193776103401
,0.0024611942757901215
,0.0024611947654847323
,0.0024611952453870143
,0.0024611957156927588
,0.0024611961765938343
,0.0024611966282782824
,0.00246119707093038
,0.0024611975047307295
,0.002461197929856311
,0.0024611983464805738
,0.002461198754773502
,0.0024611991549016764
,0.0024611995470283487
,0.0024611999313135127
,0.0024612003079139562
,0.0024612006769833368
,0.002461201038672243
,0.002461201393128245
,0.0024612017404959732
,0.0024612020809171562
,0.002461202414530696
,0.0024612027414727153
,0.0024612030618766157
,0.002461203375873135
,0.002461203683590393
,0.002461203985153947
,0.0024612042806868495
,0.002461204570309688
,0.002461204854140645
,0.002461205132295531
,0.002461205404887852
,0.0024612056720288342
,0.00246120593382749
,0.002461206190390642
,0.0024612064418229854
,0.002461206688227118
,0.002461206929703589
,0.0024612071663509343
,0.0024612073982657225
,0.002461207625542588
,0.002461207848274276
,0.002461208066551678
,0.0024612082804638634
,0.0024612084900981247
,0.00246120869554001
,0.002461208896873354
,0.0024612090941803152
,0.002461209287541412
,0.0024612094770355515
,0.0024612096627400614
,0.002461209844730726
,0.002461210023081813
,0.0024612101978661025
,0.002461210369154923
,0.0024612105370181788
,0.0024612107015243695
,0.002461210862740629
,0.00246121102073275
,0.002461211175565208
,0.0024612113273011866
,0.0024612114760026137
,0.0024612116217301726
,0.0024612117645433306
,0.0024612119045003757
,0.0024612120416584206
,0.0024612121760734396
,0.002461212307800292
,0.0024612124368927333
,0.0024612125634034467
,0.002461212687384063
,0.002461212808885178
,0.0024612129279563784
,0.002461213044646262
,0.002461213159002444
,0.0024612132710716017
,0.002461213380899467
,0.002461213488530864
,0.0024612135940097197
,0.0024612136973790793
,0.0024612137986811324
,0.0024612138979572193
,0.0024612139952478566
,0.0024612140905927535
,0.0024612141840308225
,0.002461214275600192
,0.0024612143653382373
,0.0024612144532815826
,0.002461214539466119
,0.002461214623927021
,0.002461214706698758
,0.0024612147878151107
,0.0024612148673091878
,0.002461214945213431
,0.0024612150215596335
,0.002461215096378957
,0.0024612151697019375
,0.0024612152415584994
,0.002461215311977968
,0.002461215380989086
,0.002461215448620017
,0.0024612155148983654
,0.002461215579851181
,0.002461215643504972
,0.002461215705885719
,0.0024612157670188786
,0.002461215826929407
,0.0024612158856417506
,0.002461215943179876
,0.0024612159995672602
,0.0024612160548269243
,0.00246121610898142
,0.002461216162052845
,0.0024612162140628664
,0.002461216265032708
,0.002461216314983173
,0.0024612163639346476
,0.0024612164119071104
,0.0024612164589201437
,0.0024612165049929333
,0.002461216550144286
,0.002461216594392625
,0.0024612166377560125
,0.002461216680252148
,0.002461216721898376
,0.002461216762711692
,0.0024612168027087528
,0.0024612168419058883
,0.002461216880319093
,0.002461216917964043
,0.0024612169548561065
,0.0024612169910103415
,0.0024612170264415
,0.0024612170611640464
,0.00246121709519215
,0.0024612171285397022
,0.002461217161220314
,0.00246121719324732
,0.002461217224633794
,0.0024612172553925456
,0.0024612172855361316
,0.0024612173150768534
,0.0024612173440267675
,0.00246121737239769
,0.002461217400201199
,0.002461217427448647
,0.0024612174541511506
,0.0024612174803196104
,0.0024612175059647062
,0.002461217531096906
,0.002461217555726467
,0.0024612175798634384
,0.0024612176035176785
,0.0024612176266988394
,0.0024612176494163787
,0.002461217671679573
,0.0024612176934975067
,0.0024612177148790873
,0.002461217735833039
,0.0024612177563679157
,0.002461217776492098
,0.0024612177962137997
,0.0024612178155410712
,0.0024612178344818004
,0.002461217853043718
,0.0024612178712343996
,0.00246121788906127
,0.0024612179065316066
,0.002461217923652538
,0.0024612179404310546
,0.002461217956874001
,0.0024612179729880932
,0.002461217988779905
,0.0024612180042558806
,0.0024612180194223416
,0.002461218034285476
,0.0024612180488513473
,0.002461218063125903
,0.0024612180771149705
,0.0024612180908242577
,0.002461218104259362
,0.002461218117425762
,0.002461218130328839
,0.002461218142973855
,0.002461218155365972
,0.0024612181675102477
,0.002461218179411641
,0.002461218191075006
,0.0024612182025051037
,0.0024612182137066026
,0.0024612182246840724
,0.002461218235441992
,0.002461218245984756
,0.0024612182563166656
,0.0024612182664419365
,0.0024612182763647035
,0.002461218286089015
,0.0024612182956188435
,0.0024612183049580764
,0.002461218314110523
,0.0024612183230799238
,0.002461218331869937
,0.0024612183404841502
,0.002461218348926078
,0.0024612183571991685
,0.002461218365306797
,0.0024612183732522766
,0.0024612183810388444
,0.0024612183886696844
,0.0024612183961479047
,0.0024612184034765628
,0.0024612184106586497
,0.0024612184176970933
,0.0024612184245947685
,0.002461218431354491
,0.0024612184379790188
,0.0024612184444710557
,0.0024612184508332542
,0.002461218457068209
,0.0024612184631784646
,0.002461218469166516
