MSE_f1_H,MSE_f2_H,q(t),H_ratio,MSE_f1_H_2,MSE_f2_H_2,q(t)_2,H_ratio_2
1.2480690841652531e-05,1.0367765590369062e-05,1.0651479698253753e-13,1.01405256509674,1.2480690841652531e-05,1.0367765590369062e-05,1.0651479698253752e-13,1.01405256509674
1.2453384878121968e-05,1.0379873401974687e-05,0.0,1.0243108746845309,1.2453384878121968e-05,1.0379873401974687e-05,0.0,1.0243108746845309
1.2400897634055708e-05,1.0368497950331598e-05,0.0,1.0322217368751363,1.2400897634055707e-05,1.0368497950331598e-05,0.0,1.0322217368751365
1.2325295798218472e-05,1.0335398731072287e-05,0.0,1.0384156518254724,1.2325295798218472e-05,1.0335398731072289e-05,0.0,1.0384156518254724
1.2228577474975152e-05,1.028229648835899e-05,0.0,1.0432744870943509,1.2228577474975152e-05,1.028229648835899e-05,0.0,1.0432744870943509
1.2112664129331656e-05,1.0210862677607112e-05,0.0,1.0470609594226017,1.2112664129331655e-05,1.0210862677607112e-05,0.0,1.0470609594226017
1.197939468676617e-05,1.0122711277089052e-05,0.0,1.0499690013005432,1.197939468676617e-05,1.0122711277089052e-05,0.0,1.0499690013005432
1.183052145633984e-05,1.0019392602168074e-05,0.0,1.0521482898803345,1.183052145633984e-05,1.0019392602168074e-05,0.0,1.0521482898803345
1.166770758864792e-05,9.902388820087295e-06,0.0,1.0537179128516878,1.166770758864792e-05,9.902388820087295e-06,0.0,1.0537179128516878
1.149252581807612e-05,9.773110902163346e-06,0.0,1.0547747109557837,1.149252581807612e-05,9.773110902163346e-06,0.0,1.0547747109557835
1.1306458272155512e-05,9.632896784508271e-06,0.0,1.0553987219612695,1.1306458272155512e-05,9.632896784508271e-06,0.0,1.0553987219612697
1.1110897160090012e-05,9.48301053855888e-06,0.0,1.0556569187885327,1.1110897160090012e-05,9.48301053855888e-06,0.0,1.0556569187885327
1.0907146178231658e-05,9.32464237920382e-06,0.0,1.0556058815155067,1.0907146178231658e-05,9.32464237920382e-06,0.0,1.0556058815155067
1.069642249281574e-05,9.158909361585229e-06,0.0,1.055293770312614,1.069642249281574e-05,9.158909361585227e-06,0.0,1.055293770312614
1.047985918000918e-05,8.986856638087107e-06,0.0,1.0547618216055386,1.047985918000918e-05,8.986856638087107e-06,0.0,1.0547618216055386
1.0258508020598647e-05,8.80945916493789e-06,0.0,1.0540455082285003,1.0258508020598649e-05,8.80945916493789e-06,0.0,1.0540455082285003
1.003334256173966e-05,8.627623763543876e-06,0.0,1.0531754560943274,1.003334256173966e-05,8.627623763543876e-06,0.0,1.0531754560943274
9.80526137136148e-06,8.442191455394085e-06,0.0,1.0521781801691932,9.805261371361481e-06,8.442191455394085e-06,0.0,1.0521781801691932
9.57509142230342e-06,8.253940001366808e-06,0.0,1.0510766835476195,9.575091422303419e-06,8.253940001366808e-06,0.0,1.0510766835476197
9.343591553247247e-06,8.063586586728722e-06,0.0,1.0498909509181482,9.343591553247249e-06,8.063586586728722e-06,0.0,1.0498909509181482
9.111455962187608e-06,7.871790602230489e-06,0.0,1.0486383592532478,9.111455962187608e-06,7.871790602230489e-06,0.0,1.0486383592532478
8.879317695705137e-06,7.679156479629239e-06,0.0,1.047334022701504,8.879317695705137e-06,7.679156479629239e-06,0.0,1.047334022701504
8.647752103816035e-06,7.486236546850634e-06,0.0,1.0459910845196692,8.647752103816035e-06,7.486236546850634e-06,0.0,1.0459910845196692
8.417280235790556e-06,7.293533873967623e-06,0.0,1.0446209658988088,8.417280235790556e-06,7.293533873967623e-06,0.0,1.0446209658988088
8.188372157171145e-06,7.101505086330788e-06,0.0,1.0432335793523455,8.188372157171145e-06,7.101505086330788e-06,0.0,1.0432335793523455
7.961450172375426e-06,6.9105631256355054e-06,0.0,1.0418375127065571,7.961450172375426e-06,6.9105631256355054e-06,0.0,1.0418375127065573
7.736891940825042e-06,6.7210799435405905e-06,0.0,1.0404401885058987,7.736891940825042e-06,6.7210799435405905e-06,0.0,1.0404401885058987
7.515033477574522e-06,6.533389115739405e-06,0.0,1.0390480027065416,7.515033477574522e-06,6.533389115739405e-06,0.0,1.0390480027065416
7.296172031990749e-06,6.347788367194992e-06,0.0,1.037666445805184,7.296172031990749e-06,6.347788367194992e-06,0.0,1.037666445805184
7.080568840212259e-06,6.164542001646149e-06,0.0,1.0363002089821065,7.080568840212259e-06,6.164542001646149e-06,0.0,1.0363002089821063
6.868451748950066e-06,5.9838832305240855e-06,0.0,1.0349532773887873,6.868451748950066e-06,5.9838832305240855e-06,0.0,1.0349532773887873
6.6600177097233055e-06,5.806016398136385e-06,0.0,1.033629012352606,6.6600177097233055e-06,5.806016398136385e-06,0.0,1.033629012352606
6.4554351438938495e-06,5.631119101417157e-06,0.0,1.032330223983464,6.4554351438938495e-06,5.631119101417157e-06,0.0,1.032330223983464
6.254846179909212e-06,5.4593442037460005e-06,0.0,1.0310592354339123,6.254846179909212e-06,5.4593442037460005e-06,0.0,1.0310592354339125
6.0583687650133784e-06,5.29082174333532e-06,0.0,1.0298179398738432,6.0583687650133784e-06,5.29082174333532e-06,0.0,1.0298179398738432
5.866098654367702e-06,5.1256607375036e-06,0.0,1.0286078510840906,5.866098654367702e-06,5.1256607375036e-06,0.0,1.0286078510840906
5.678111281062438e-06,4.963950884815979e-06,0.0,1.027430148443559,5.678111281062438e-06,4.963950884815979e-06,0.0,1.027430148443559
5.494463510914536e-06,4.805764167604459e-06,0.0,1.0262857169763866,5.494463510914536e-06,4.805764167604459e-06,0.0,1.0262857169763866
5.3151952862571435e-06,4.651156357796984e-06,0.0,1.0251751830351157,5.3151952862571435e-06,4.651156357796984e-06,0.0,1.0251751830351157
5.140331163146655e-06,4.50016842930412e-06,0.0,1.0240989461195542,5.140331163146655e-06,4.50016842930412e-06,0.0,1.0240989461195542
4.969881746557978e-06,4.352827880448355e-06,0.0,1.0230572072664306,4.969881746557978e-06,4.352827880448355e-06,0.0,1.0230572072664306
4.803845028219841e-06,4.209149970086891e-06,0.0,1.0220499943900083,4.803845028219841e-06,4.209149970086891e-06,0.0,1.0220499943900085
4.642207631769983e-06,4.069138871184966e-06,0.0,1.0210771849068816,4.642207631769983e-06,4.069138871184966e-06,0.0,1.0210771849068816
4.484945969893978e-06,3.932788745652909e-06,0.0,1.0201385259378928,4.484945969893978e-06,3.932788745652909e-06,0.0,1.0201385259378928
4.332027318059017e-06,3.800084744274481e-06,0.0,1.0192336523454113,4.332027318059017e-06,3.800084744274481e-06,0.0,1.0192336523454113
4.1834108093720035e-06,3.6710039355338138e-06,0.0,1.0183621028341985,4.1834108093720035e-06,3.6710039355338138e-06,0.0,1.0183621028341985
4.039048354985713e-06,3.545516167099566e-06,0.0,1.0175233343180463,4.039048354985713e-06,3.545516167099566e-06,0.0,1.0175233343180463
3.898885494352365e-06,3.4235848636532093e-06,0.0,1.0167167347317068,3.898885494352365e-06,3.4235848636532093e-06,0.0,1.0167167347317068
3.7628621794852e-06,3.3051677646582247e-06,0.0,1.0159416344478152,3.7628621794852e-06,3.3051677646582247e-06,0.0,1.0159416344478152
3.630913497239099e-06,3.190217605562293e-06,0.0,1.0151973164411778,3.6309134972390996e-06,3.190217605562293e-06,0.0,1.0151973164411778
3.5029703334641097e-06,3.0786827458088807e-06,0.0,1.014483025327539,3.5029703334641097e-06,3.0786827458088807e-06,0.0,1.014483025327539
3.378959982723474e-06,2.9705077469106397e-06,0.0,1.0137979753905328,3.378959982723474e-06,2.9705077469106397e-06,0.0,1.0137979753905328
3.258806707102759e-06,2.8656339037073475e-06,0.0,1.013141357698668,3.258806707102759e-06,2.8656339037073475e-06,0.0,1.013141357698668
3.142432247470665e-06,2.7639997317977383e-06,0.0,1.0125123464037036,3.142432247470665e-06,2.7639997317977383e-06,0.0,1.0125123464037036
3.029756290386653e-06,2.6655414139992227e-06,0.0,1.011910104302471,3.029756290386653e-06,2.6655414139992227e-06,0.0,1.011910104302471
2.9206968936869673e-06,2.5701932085537053e-06,0.0,1.0113337877359314,2.9206968936869673e-06,2.5701932085537053e-06,0.0,1.0113337877359314
2.815170873619852e-06,2.4778878216625735e-06,0.0,1.0107825508918804,2.815170873619852e-06,2.4778878216625735e-06,0.0,1.0107825508918804
2.7130941562437993e-06,2.388556746800568e-06,0.0,1.0102555495711545,2.7130941562437993e-06,2.388556746800568e-06,0.0,1.0102555495711543
2.6143820956499147e-06,2.302130573127338e-06,0.0,1.009751944471297,2.6143820956499147e-06,2.302130573127338e-06,0.0,1.009751944471297
2.5189497614216997e-06,2.2185392651877737e-06,0.0,1.0092709040364132,2.5189497614216997e-06,2.2185392651877737e-06,0.0,1.0092709040364132
2.426712197602934e-06,2.1377124159681092e-06,0.0,1.0088116069171835,2.426712197602934e-06,2.1377124159681092e-06,0.0,1.0088116069171837
2.3375846553072347e-06,2.0595794752548103e-06,0.0,1.0083732440808113,2.3375846553072347e-06,2.0595794752548103e-06,0.0,1.0083732440808113
2.251482800971453e-06,1.9840699551275265e-06,0.0,1.0079550206068322,2.251482800971453e-06,1.9840699551275265e-06,0.0,1.0079550206068322
2.168322902129406e-06,1.9111136143062823e-06,0.0,1.007556157201316,2.168322902129406e-06,1.9111136143062823e-06,0.0,1.0075561572013159
2.088021992462623e-06,1.84064062296658e-06,0.0,1.0071758914588649,2.088021992462623e-06,1.8406406229665802e-06,0.0,1.0071758914588647
2.0104980177707275e-06,1.7725817095343535e-06,0.0,1.0068134788990502,2.0104980177707275e-06,1.7725817095343535e-06,0.0,1.0068134788990502
1.935669964395779e-06,1.7068682908757333e-06,0.0,1.0064681938013815,1.935669964395779e-06,1.7068682908757333e-06,0.0,1.0064681938013815
1.8634579715322297e-06,1.6434325872043407e-06,0.0,1.006139329860639,1.8634579715322297e-06,1.6434325872043407e-06,0.0,1.006139329860639
1.7937834287569797e-06,1.58220772294124e-06,0.0,1.005826200682324,1.7937834287569795e-06,1.58220772294124e-06,0.0,1.005826200682324
1.726569060022221e-06,1.5231278146797344e-06,0.0,1.0055281401361125,1.726569060022221e-06,1.5231278146797344e-06,0.0,1.0055281401361125
1.6617389952671498e-06,1.4661280473286488e-06,0.0,1.0052445025835086,1.6617389952671498e-06,1.4661280473286488e-06,0.0,1.0052445025835086
1.599218830723028e-06,1.4111447394336596e-06,0.0,1.0049746629943386,1.599218830723028e-06,1.4111447394336596e-06,0.0,1.0049746629943386
1.5389356789092903e-06,1.3581153986062496e-06,0.0,1.0047180169653462,1.5389356789092905e-06,1.3581153986062496e-06,0.0,1.0047180169653462
1.4808182092462682e-06,1.306978767924073e-06,0.0,1.004473980652871,1.4808182092462682e-06,1.306978767924073e-06,0.0,1.004473980652871
1.4247966801423305e-06,1.257674864104522e-06,0.0,1.0042419906304434,1.4247966801423305e-06,1.257674864104522e-06,0.0,1.0042419906304434
1.3708029633497978e-06,1.2101450081951194e-06,0.0,1.004021503681071,1.3708029633497978e-06,1.2101450081951194e-06,0.0,1.004021503681071
1.3187705613244342e-06,1.164331849469739e-06,0.0,1.0038119965330543,1.3187705613244342e-06,1.1643318494697393e-06,0.0,1.0038119965330545
1.2686346182677357e-06,1.120179383168481e-06,0.0,1.003612965547291,1.2686346182677355e-06,1.120179383168481e-06,0.0,1.003612965547291
1.2203319254791382e-06,1.0776329626710477e-06,0.0,1.003423926363234,1.2203319254791382e-06,1.0776329626710477e-06,0.0,1.003423926363234
1.173800921596718e-06,1.0366393066486922e-06,0.0,1.0032444135099703,1.173800921596718e-06,1.0366393066486922e-06,0.0,1.0032444135099705
1.1289816882595766e-06,9.971465016978173e-07,0.0,1.003073979988214,1.1289816882595766e-06,9.971465016978173e-07,0.0,1.003073979988214
1.085815941682846e-06,9.59104000919236e-07,0.0,1.002912196828418,1.085815941682846e-06,9.591040009192361e-07,0.0,1.002912196828418
1.0442470205968442e-06,9.224626188705512e-07,0.0,1.002758652629683,1.0442470205968442e-06,9.224626188705513e-07,0.0,1.002758652629683
1.004219870965261e-06,8.871745232850851e-07,0.0,1.0026129530836232,1.004219870965261e-06,8.871745232850851e-07,0.0,1.0026129530836232
9.656810278631467e-07,8.531932239191161e-07,0.0,1.002474720486926,9.656810278631467e-07,8.531932239191161e-07,0.0,1.002474720486926
9.2857859486379e-07,8.204735588596424e-07,0.0,1.0023435932459184,9.285785948637899e-07,8.204735588596424e-07,0.0,1.0023435932459184
8.928622212541482e-07,7.889716785974992e-07,0.0,1.0022192253760949,8.928622212541482e-07,7.889716785974992e-07,0.0,1.0022192253760949
8.584830773711682e-07,7.586450281451506e-07,0.0,1.0021012859992178,8.584830773711682e-07,7.586450281451506e-07,0.0,1.0021012859992178
8.253938283260398e-07,7.294523274548136e-07,0.0,1.001989458840297,8.253938283260398e-07,7.294523274548136e-07,0.0,1.0019894588402973
7.935486063599401e-07,7.013535503706434e-07,0.0,1.0018834417264866,7.935486063599401e-07,7.013535503706434e-07,0.0,1.0018834417264866
7.629029820531267e-07,6.743099023283252e-07,0.0,1.0017829460896672,7.629029820531267e-07,6.743099023283252e-07,0.0,1.0017829460896672
7.33413934589123e-07,6.482837969966019e-07,0.0,1.00168769647428,7.33413934589123e-07,6.482837969966019e-07,0.0,1.00168769647428
7.050398212571842e-07,6.232388320377951e-07,0.0,1.0015974300517425,7.050398212571842e-07,6.232388320377951e-07,0.0,1.0015974300517423
6.777403463590506e-07,5.991397641482509e-07,0.0,1.0015118961426217,6.777403463590506e-07,5.991397641482509e-07,0.0,1.0015118961426217
6.514765296701763e-07,5.759524835247277e-07,0.0,1.0014308557475384,6.514765296701763e-07,5.759524835247277e-07,0.0,1.0014308557475384
6.262106745909989e-07,5.536439878889557e-07,0.0,1.001354081087651,6.262106745909989e-07,5.536439878889557e-07,0.0,1.001354081087651
6.019063361103578e-07,5.321823561899135e-07,0.0,1.0012813551554154,6.019063361103578e-07,5.321823561899135e-07,0.0,1.0012813551554154
5.785282886907789e-07,5.115367220916138e-07,0.0,1.0012124712761954,5.785282886907789e-07,5.115367220916138e-07,0.0,1.0012124712761954
5.560424941739326e-07,4.916772473434339e-07,0.0,1.00114723268119,5.560424941739326e-07,4.916772473434339e-07,0.0,1.00114723268119
5.34416069794083e-07,4.725750951200379e-07,0.0,1.001085452092042,5.34416069794083e-07,4.725750951200379e-07,0.0,1.001085452092042
4.932312478128092e-07,4.361939736016737e-07,0.0,1.001022869847206,4.932312478128092e-07,4.3619397360167366e-07,0.0,1.001022869847206
4.552109094743954e-07,4.0260596880478354e-07,0.0,1.0009602669046018,4.5521090947439533e-07,4.0260596880478354e-07,0.0,1.0009602669046018
4.2010974570189713e-07,3.715944455952721e-07,0.0,1.0008978830682966,4.2010974570189713e-07,3.715944455952721e-07,0.0,1.0008978830682966
3.8770186652071875e-07,3.429599677763001e-07,0.0,1.000835927081435,3.8770186652071875e-07,3.4295996777630007e-07,0.0,1.000835927081435
3.577792113289802e-07,3.165188817743055e-07,0.0,1.0007745797272896,3.577792113289802e-07,3.165188817743055e-07,0.0,1.0007745797272896
3.30150095444258e-07,2.921020228097124e-07,0.0,1.000713996652353,3.30150095444258e-07,2.921020228097124e-07,0.0,1.000713996652353
3.0463788058331336e-07,2.695535323406638e-07,0.0,1.0006543109340325,3.0463788058331336e-07,2.695535323406638e-07,0.0,1.0006543109340325
2.810795730193207e-07,2.487296130388155e-07,1.145461680325255e-05,1.0005956353958885,2.810795730193207e-07,2.487296130388155e-07,1.145461680325255e-05,1.0005956353958885
2.593233090266647e-07,2.2949630118742347e-07,0.0001444431830259,1.0005380645687658,2.593233090266647e-07,2.2949630118742342e-07,0.00014444318302597736,1.0005380645687658
2.392311904702819e-07,2.1173196966470005e-07,0.0002741868104075,1.000481676842364,2.3923119047028183e-07,2.1173196966470005e-07,0.00027418681040751735,1.000481676842364
2.206759955360002e-07,1.953244179857553e-07,0.0004006459659844,1.000426536198702,2.2067599553600014e-07,1.9532441798575528e-07,0.0004006459659844808,1.000426536198702
2.0354033252204763e-07,1.801701222888766e-07,0.0005237971712488,1.000372693783158,2.0354033252204758e-07,1.8017012228887656e-07,0.000523797171248841,1.0003726937831579
1.877158632530028e-07,1.661735474672357e-07,0.0006436311362667,1.0003201893272509,1.877158632530028e-07,1.661735474672357e-07,0.0006436311362667092,1.0003201893272509
1.7310259007934857e-07,1.5324651600397993e-07,0.0007601510663706,1.000269052436216,1.7310259007934857e-07,1.5324651600397993e-07,0.0007601510663706179,1.0002690524362159
1.5960820098443966e-07,1.4130762857783133e-07,0.0008733711278494,1.0002193037533256,1.5960820098443963e-07,1.4130762857783133e-07,0.0008733711278494206,1.0002193037533256
1.4714746782393564e-07,1.3028173196450025e-07,0.0009833150597953,1.0001709560119418,1.4714746782393564e-07,1.3028173196450025e-07,0.00098331505979532,1.0001709560119418
1.3564169317642284e-07,1.200994301718309e-07,0.0010900149200401,1.0001240149853483,1.3564169317642284e-07,1.2009943017183087e-07,0.0010900149200401721,1.0001240149853483
1.2501820169324652e-07,1.106966351184265e-07,0.0011935099539111,1.0000784803435587,1.2501820169324652e-07,1.106966351184265e-07,0.0011935099539111427,1.0000784803435587
1.1520987220513328e-07,1.0201415350085777e-07,0.0012938455752975,1.00003434642551,1.1520987220513327e-07,1.0201415350085776e-07,0.0012938455752975033,1.0000343464255101
1.0615470717712685e-07,9.399730679724065e-08,0.0013910724502802,0.9999916029343324,1.0615470717712683e-07,9.399730679724065e-08,0.001391072450280273,0.9999916029343323
9.77954075597876e-08,8.659555608715571e-08,0.001490283913702,0.9999502355591824,9.77954075597876e-08,8.659555608715571e-08,0.0014902839137020509,0.9999502355591824
9.007896776433665e-08,7.97621446881388e-08,0.0016062827072218,0.9999102265283908,9.007896776433665e-08,7.97621446881388e-08,0.001606282707221829,0.9999102265283907
8.295654040678006e-08,7.34539796876172e-08,0.0017185334945955,0.9998715551300588,8.295654040678005e-08,7.34539796876172e-08,0.00171853349459552,0.9998715551300589
7.638298893463001e-08,6.763123709006455e-08,0.001827112992271,0.9998341981632088,7.638298893463001e-08,6.763123709006455e-08,0.0018271129922710074,0.9998341981632088
7.031660316669997e-08,6.22571111698543e-08,0.0019321013190646,0.9997981303415724,7.031660316669997e-08,6.22571111698543e-08,0.0019321013190646498,0.9997981303415723
6.471883705905539e-08,5.7297583465355816e-08,0.0020335812874192,0.9997633246544394,6.471883705905539e-08,5.7297583465355816e-08,0.002033581287419284,0.9997633246544394
5.955406690439072e-08,5.2721209820059775e-08,0.0021316377728689,0.9997297526885928,5.955406690439072e-08,5.2721209820059775e-08,0.002131637772868955,0.9997297526885927
5.4789368323716206e-08,4.8498924012634236e-08,0.0022263571543287,0.9996973849149916,5.4789368323716206e-08,4.849892401263423e-08,0.0022263571543287065,0.9996973849149916
5.0394310547179354e-08,4.4603856641536865e-08,0.0023178268184895,0.9996661909435534,5.039431054717935e-08,4.4603856641536865e-08,0.0023178268184895104,0.9996661909435534
4.6340766606462755e-08,4.1011168042333856e-08,0.0024061347221573,0.9996361397490702,4.6340766606462755e-08,4.101116804233385e-08,0.0024061347221573824,0.9996361397490702
4.2602738175659185e-08,3.7697894118295335e-08,0.0024913690069762,0.999607199871032,4.260273817565918e-08,3.769789411829533e-08,0.002491369006976263,0.9996071998710319
3.9156193901919275e-08,3.464280405814323e-08,0.0025736176613896,0.99957933958988,3.9156193901919275e-08,3.464280405814323e-08,0.0025736176613896156,0.99957933958988
3.597892016241354e-08,3.182626899986943e-08,0.0026529682252471,0.9995525270819798,3.597892016241354e-08,3.182626899986943e-08,0.0026529682252471433,0.9995525270819798
3.305038327114821e-08,2.9230140777127698e-08,0.0027295075327925,0.9995267305554066,3.305038327114821e-08,2.9230140777127698e-08,0.0027295075327925748,0.9995267305554066
3.0351602238644934e-08,2.6837639955513333e-08,0.0028033214902205,0.999501918368435,3.035160223864493e-08,2.6837639955513333e-08,0.0028033214902205787,0.999501918368435
2.7865031260187192e-08,2.4633252430733493e-08,0.0028744948842957,0.999478059132462,2.7865031260187192e-08,2.463325243073349e-08,0.0028744948842957642,0.9994780591324621
2.5574451174813263e-08,2.26026339197916e-08,0.0029431112188739,0.9994551218009275,2.5574451174813263e-08,2.26026339197916e-08,0.00294311121887394,0.9994551218009277
2.3464869198108473e-08,2.0732521730374442e-08,0.003009252576432,0.9994330757456608,2.346486919810847e-08,2.0732521730374442e-08,0.003009252576432053,0.9994330757456608
2.1522426287600057e-08,1.9010653243113192e-08,0.0030729995020138,0.9994118908219404,2.1522426287600054e-08,1.9010653243113192e-08,0.0030729995020138514,0.9994118908219404
1.9734311550645564e-08,1.742569058668809e-08,0.0031344309072033,0.9993915374234444,1.9734311550645564e-08,1.742569058668809e-08,0.003134430907203334,0.9993915374234444
1.8088683151553622e-08,1.5967151027252145e-08,0.0031936239919837,0.9993719865281564,1.808868315155362e-08,1.5967151027252145e-08,0.0031936239919837517,0.9993719865281564
1.6574595217643767e-08,1.4625342631684161e-08,0.0032506541825521,0.9993532097361878,1.6574595217643767e-08,1.4625342631684161e-08,0.003250654182552171,0.9993532097361878
1.5181930283395622e-08,1.3391304799073224e-08,0.0033055950832962,0.9993351793003952,1.518193028339562e-08,1.3391304799073224e-08,0.0033055950832962867,0.9993351793003952
1.3901336848046471e-08,1.2256753286837437e-08,0.0033585184413683,0.999317868150586,1.390133684804647e-08,1.2256753286837435e-08,0.0033585184413683633,0.9993178681505859
1.2724171655263618e-08,1.1214029387264633e-08,0.0034094941224038,0.9993012499120244,1.2724171655263618e-08,1.1214029387264633e-08,0.0034094941224038335,0.9993012499120245
1.1642446334082352e-08,1.0256052937241094e-08,0.0034585900960759,0.9992852989188918,1.1642446334082353e-08,1.0256052937241094e-08,0.003458590096075942,0.9992852989188918
1.0648778068405731e-08,9.376278868725185e-09,0.0035058724303225,0.999269990223284,1.064877806840573e-08,9.376278868725185e-09,0.0035058724303225655,0.9992699902232841
9.736343988206524e-09,8.56865703030224e-09,0.0035514052931751,0.9992552996002788,9.736343988206523e-09,8.56865703030224e-09,0.003551405293175125,0.9992552996002789
8.898838999345574e-09,7.827595031111428e-09,0.0035952509612392,0.9992412035495484,8.898838999345574e-09,7.827595031111428e-09,0.003595250961239294,0.9992412035495483
8.130436790807551e-09,7.147923877695973e-09,0.0036374698339563,0.9992276792939486,8.130436790807551e-09,7.147923877695973e-09,0.0036374698339563193,0.9992276792939486
7.425753778294861e-09,6.5248661920684654e-09,0.003678120452887,0.999214704775478,7.425753778294861e-09,6.524866192068465e-09,0.0036781204528870902,0.999214704775478
6.7798157616745635e-09,5.954006815592349e-09,0.0037172595253025,0.9992022586489482,6.779815761674563e-09,5.954006815592349e-09,0.0037172595253025078,0.9992022586489482
6.1880270908613765e-09,5.431265618314674e-09,0.0037549419514671,0.9991903202736846,6.1880270908613765e-09,5.431265618314674e-09,0.0037549419514671723,0.9991903202736846
5.646142150461888e-09,4.9528723472228854e-09,0.0037912208550523,0.9991788697035427,5.646142150461888e-09,4.9528723472228854e-09,0.003791220855052324,0.9991788697035427
5.150238988022622e-09,4.515343359648661e-09,0.0038261476161739,0.999167887675485,5.150238988022622e-09,4.515343359648661e-09,0.003826147616173903,0.999167887675485
4.696694924097316e-09,4.115460099795299e-09,0.0038597719066113,0.9991573555969538,4.696694924097316e-09,4.1154600997952995e-09,0.0038597719066113534,0.9991573555969538
4.2821639946887445e-09,3.750249187196127e-09,0.0038921417267961,0.9991472555322346,4.2821639946887445e-09,3.750249187196127e-09,0.00389214172679615,0.9991472555322346
3.903556087997362e-09,3.416963995901579e-09,0.0039233034442246,0.9991375701879988,3.903556087997362e-09,3.416963995901579e-09,0.003923303444224646,0.9991375701879988
3.558017647905392e-09,3.113067612402882e-09,0.0039533018329724,0.9991282828981812,3.5580176479053923e-09,3.1130676124028825e-09,0.003953301832972489,0.9991282828981812
3.242913826309014e-09,2.836217068800384e-09,0.0039821801140145,0.9991193776083378,3.2429138263090145e-09,2.836217068800384e-09,0.003982180114014544,0.9991193776083378
2.955811975352638e-09,2.5842487555658494e-09,0.0040099799961314,0.9991108388596128,2.955811975352638e-09,2.5842487555658494e-09,0.004009979996131463,0.9991108388596127
2.69446637886547e-09,2.355164925483604e-09,0.0040367417171525,0.9991026517724222,2.69446637886547e-09,2.355164925483604e-09,0.004036741717152537,0.9991026517724222
2.45680412992133e-09,2.1471212070380976e-09,0.0040625040853507,0.9990948020299634,2.45680412992133e-09,2.1471212070380976e-09,0.004062504085350716,0.9990948020299634
2.2409120684728358e-09,1.9584150516807864e-09,0.0040873045208211,0.9990872758616264,2.2409120684728358e-09,1.9584150516807864e-09,0.004087304520821112,0.9990872758616263
2.0450246995082096e-09,1.7874750451063784e-09,0.0041111790966958,0.9990800600263914,2.0450246995082096e-09,1.7874750451063786e-09,0.00411117909669585,0.9990800600263914
1.8675130181768713e-09,1.6328510179277343e-09,0.0041341625800555,0.999073141796279,1.8675130181768717e-09,1.6328510179277343e-09,0.0041341625800555,0.999073141796279
1.7068741738728639e-09,1.493204895997829e-09,0.0041562884724366,0.9990665089399092,1.7068741738728639e-09,1.4932048959978292e-09,0.004156288472436698,0.9990665089399093
1.5617219103839306e-09,1.3673022351167286e-09,0.0041775890498242,0.9990601497062208,1.5617219103839308e-09,1.3673022351167286e-09,0.00417758904982426,0.9990601497062207
1.4307777239460486e-09,1.2540043890084902e-09,0.0041980954020604,0.999054052808394,1.4307777239460489e-09,1.25400438900849e-09,0.00419809540206042,0.999054052808394
1.3128626854148638e-09,1.1522612632869376e-09,0.0042178374715931,0.9990482074080164,1.3128626854148638e-09,1.1522612632869376e-09,0.004217837471593144,0.9990482074080164
1.2068898768053584e-09,1.0611046116720247e-09,0.0042368440914972,0.9990426030995196,1.2068898768053586e-09,1.0611046116720249e-09,0.004236844091497294,0.9990426030995195
1.1118573961866667e-09,9.796418339923798e-10,0.0042551430227373,0.9990372298949152,1.1118573961866667e-09,9.796418339923798e-10,0.004255143022737351,0.9990372298949151
1.0268418883705651e-09,9.070502385386703e-10,0.0042727609906116,0.999032078208853,1.0268418883705653e-09,9.070502385386704e-10,0.004272760990611602,0.999032078208853
9.509925620243683e-10,8.425717341302022e-10,0.0042897237203594,0.9990271388440172,9.509925620243683e-10,8.425717341302023e-10,0.004289723720359473,0.9990271388440173
8.83525656789044e-10,7.855079198459766e-10,0.0043060559719094,0.9990224029768742,8.83525656789044e-10,7.855079198459767e-10,0.004306055971909428,0.9990224029768742
8.237193267124093e-10,7.35215542764966e-10,0.0043217815737262,0.9990178621437869,8.237193267124093e-10,7.35215542764966e-10,0.0043217815737262915,0.9990178621437869
7.709089088300685e-10,6.9110229627366e-10,0.0043369234557755,0.9990135082275,7.709089088300686e-10,6.911022962736601e-10,0.004336923455775565,0.9990135082275001
7.24482548059589e-10,6.526229335465253e-10,0.0043515036815766,0.9990093334440044,7.24482548059589e-10,6.526229335465253e-10,0.004351503681576641,0.9990093334440043
6.838771517315964e-10,6.192756726986773e-10,0.0043655434793437,0.9990053303297788,6.838771517315964e-10,6.192756726986773e-10,0.00436554347934377,0.9990053303297787
6.48574649077034e-10,5.905988718617218e-10,0.0043790632722255,0.9990014917294204,6.48574649077034e-10,5.905988718617219e-10,0.00437906327222557,0.9990014917294204
6.180985328354582e-10,5.661679540549501e-10,0.0043920827076278,0.998997810783654,6.180985328354583e-10,5.6616795405495e-10,0.004392082707627832,0.9989978107836541
5.920106618571242e-10,5.4559256322281e-10,0.0044046206856501,0.9989942809177224,5.920106618571243e-10,5.455925632228101e-10,0.004404620685650151,0.9989942809177225
5.699083051505776e-10,5.285139341973705e-10,0.0044166953866188,0.9989908958301564,5.699083051505777e-10,5.285139341973706e-10,0.0044166953866188186,0.9989908958301564
5.514214092888949e-10,5.146024606279769e-10,0.0044283242977506,0.998987649481917,5.514214092888949e-10,5.146024606279769e-10,0.004428324297750685,0.998987649481917
5.362100724391914e-10,5.035554461081318e-10,0.0044395242389466,0.998984536085908,5.362100724391914e-10,5.035554461081319e-10,0.0044395242389466015,0.9989845360859079
5.239622095306284e-10,4.950950248289095e-10,0.0044503113877334,0.9989815500968496,5.239622095306284e-10,4.950950248289096e-10,0.004450311387733419,0.9989815500968495
5.143913942330238e-10,4.88966239105396e-10,0.0044607013033712,0.9989786862015102,5.143913942330238e-10,4.889662391053961e-10,0.004460701303371284,0.9989786862015102
5.07234864488661e-10,4.84935262064075e-10,0.0044707089501397,0.9989759393092869,5.07234864488661e-10,4.849352620640751e-10,0.004470708950139768,0.9989759393092867
5.022516793302818e-10,4.82787754650421e-10,0.0044803487198266,0.9989733045431256,5.022516793302819e-10,4.82787754650421e-10,0.00448034871982661,0.9989733045431255
4.99221015634641e-10,4.823273469223349e-10,0.0044896344534308,0.998970777230778,4.99221015634641e-10,4.823273469223349e-10,0.0044896344534308685,0.998970777230778
4.979405943089822e-10,4.833742343414083e-10,0.0044985794621093,0.9989683528963826,4.979405943089823e-10,4.833742343414084e-10,0.00449857946210932,0.9989683528963826
4.982252261923488e-10,4.857638804650396e-10,0.0045071965473686,0.998966027252361,4.982252261923488e-10,4.857638804650396e-10,0.0045071965473686415,0.998966027252361
4.9990546867971e-10,4.893458180816224e-10,0.0045154980205447,0.9989637961916242,4.9990546867971e-10,4.893458180816225e-10,0.004515498020544762,0.9989637961916242
5.028263847488078e-10,4.939825414233044e-10,0.004523495721575,0.9989616557800768,5.028263847488079e-10,4.939825414233044e-10,0.004523495721575044,0.9989616557800768
5.068463966910957e-10,4.995484826383661e-10,0.0045312010370829,0.9989596022494136,5.068463966910958e-10,4.995484826383662e-10,0.004531201037082933,0.9989596022494136
5.118362274237446e-10,5.059290662128543e-10,0.0045386249178059,0.9989576319901952,5.118362274237446e-10,5.059290662128543e-10,0.004538624917805923,0.9989576319901952
5.176779227918716e-10,5.13019835500393e-10,0.0045457778953786,0.9989557415451978,5.176779227918717e-10,5.130198355003931e-10,0.004545777895378667,0.9989557415451978
5.242639487628443e-10,5.207256459537737e-10,0.0045526700984894,0.9989539276030268,5.242639487628443e-10,5.207256459537738e-10,0.004552670098489409,0.9989539276030268
5.314963578704876e-10,5.289599200543153e-10,0.0045593112684405,0.9989521869919858,5.314963578704877e-10,5.289599200543154e-10,0.004559311268440559,0.9989521869919858
5.392860196889995e-10,5.376439593077623e-10,0.004565710774114,0.99895051667419,5.392860196889995e-10,5.376439593077624e-10,0.004565710774114051,0.9989505166741899
5.475519105066471e-10,5.46706309019579e-10,0.0045718776263843,0.9989489137399198,5.475519105066471e-10,5.46706309019579e-10,0.004571877626384335,0.9989489137399198
5.562204577308274e-10,5.560821718827262e-10,0.0045778204919797,0.9989473754022048,5.562204577308275e-10,5.560821718827263e-10,0.004577820491979722,0.9989473754022049
5.652249348903427e-10,5.657128667055519e-10,0.0045835477068161,0.9989458989916256,5.652249348903428e-10,5.657128667055519e-10,0.004583547706816172,0.9989458989916257
5.745049034103784e-10,5.755453288818347e-10,0.0045890672888165,0.9989444819513312,5.745049034103785e-10,5.755453288818348e-10,0.004589067288816584,0.9989444819513313
5.840056976216244e-10,5.855316494578142e-10,0.0045943869502549,0.9989431218322652,5.840056976216245e-10,5.855316494578142e-10,0.00459438695025498,0.9989431218322651
5.936779497306503e-10,5.95628649885515e-10,0.0045995141096105,0.9989418162885818,5.936779497306503e-10,5.95628649885515e-10,0.004599514109610547,0.9989418162885818
6.034771517232358e-10,6.057974897691488e-10,0.0046044559029672,0.9989405630732604,6.034771517232358e-10,6.057974897691488e-10,0.004604455902967231,0.9989405630732604
6.133632513998158e-10,6.160033051119474e-10,0.004609219194983,0.9989393600338996,6.133632513998158e-10,6.160033051119475e-10,0.00460921919498305,0.9989393600338995
6.233002799517477e-10,6.2621487475678e-10,0.0046138105894211,0.9989382051086864,6.233002799517477e-10,6.262148747567801e-10,0.0046138105894211415,0.9989382051086863
6.332560086820565e-10,6.364043128865897e-10,0.0046182364392779,0.9989370963225372,6.332560086820566e-10,6.364043128865898e-10,0.004618236439277968,0.9989370963225371
6.43201632653698e-10,6.465467856096637e-10,0.0046225028565207,0.9989360317834004,6.432016326536981e-10,6.465467856096638e-10,0.00462250285652075,0.9989360317834005
6.531114792147808e-10,6.566202498023436e-10,0.0046266157214365,0.9989350096787144,6.531114792147809e-10,6.566202498023436e-10,0.004626615721436544,0.9989350096787144
6.629627395048441e-10,6.666052125189065e-10,0.0046305806916252,0.9989340282720162,6.629627395048441e-10,6.666052125189066e-10,0.004630580691625275,0.9989340282720162
6.727352211877951e-10,6.764845094041888e-10,0.0046344032106327,0.9989330858996944,6.727352211877951e-10,6.764845094041889e-10,0.004634403210632798,0.9989330858996943
6.824111207900128e-10,6.862431006621478e-10,0.0046380885162515,0.9989321809678798,6.824111207900128e-10,6.862431006621479e-10,0.0046380885162515375,0.9989321809678798
6.919748141433831e-10,6.958678832413665e-10,0.0046416416484965,0.9989313119494694,6.919748141433832e-10,6.958678832413666e-10,0.004641641648496564,0.9989313119494694
7.014126635463237e-10,7.05347517999544e-10,0.0046450674572626,0.9989304773812746,7.014126635463238e-10,7.053475179995441e-10,0.004645067457262675,0.9989304773812746
7.107128403603489e-10,7.14672270701313e-10,0.0046483706096846,0.9989296758612964,7.107128403603489e-10,7.14672270701313e-10,0.004648370609684616,0.9989296758612963
7.19865161855954e-10,7.238338657896601e-10,0.0046515555972087,0.9989289060461112,7.19865161855954e-10,7.238338657896602e-10,0.004651555597208756,0.9989289060461113
7.288609412119302e-10,7.328253519515184e-10,0.0046546267423838,0.9989281666483752,7.288609412119302e-10,7.328253519515185e-10,0.004654626742383883,0.9989281666483752
7.376928496537096e-10,7.416409785705257e-10,0.0046575882053878,0.9989274564344296,7.376928496537096e-10,7.416409785705257e-10,0.004657588205387842,0.9989274564344296
7.463547897944288e-10,7.502760822295653e-10,0.0046604439902942,0.9989267742220131,7.463547897944289e-10,7.502760822295653e-10,0.004660443990294216,0.9989267742220131
7.548417793115789e-10,7.587269824873437e-10,0.0046631979510945,0.998926118878072,7.548417793115789e-10,7.587269824873438e-10,0.004663197951094578,0.9989261188780719
7.631498441591462e-10,7.669908862126716e-10,0.00466585379748,0.9989254893166624,7.631498441591463e-10,7.669908862126716e-10,0.0046658537974800796,0.9989254893166625
7.712759205748625e-10,7.750657998138487e-10,0.0046684151004023,0.9989248844969466,7.712759205748625e-10,7.750657998138488e-10,0.004668415100402323,0.9989248844969466
7.792177651982961e-10,7.82950448750341e-10,0.004670885297408,0.9989243034212716,7.792177651982961e-10,7.829504487503411e-10,0.004670885297408067,0.9989243034212715
7.869738726680774e-10,7.906442037604567e-10,0.0046732676977636,0.998923745133334,7.869738726680774e-10,7.906442037604568e-10,0.0046732676977636394,0.9989237451333339
7.945434001137003e-10,7.981470132816413e-10,0.0046755654873865,0.9989232087164212,7.945434001137004e-10,7.981470132816413e-10,0.004675565487386502,0.9989232087164212
8.019260980024031e-10,8.054593415791085e-10,0.0046777817335737,0.9989226932917324,8.019260980024032e-10,8.054593415791085e-10,0.0046777817335737605,0.9989226932917324
8.091222468420314e-10,8.125821121360445e-10,0.0046799193895459,0.9989221980167678,8.091222468420315e-10,8.125821121360446e-10,0.004679919389545906,0.9989221980167678
8.161325992797342e-10,8.195166558918738e-10,0.0046819812988152,0.9989217220837894,8.161325992797343e-10,8.195166558918738e-10,0.004681981298815275,0.9989217220837894
8.229583271701906e-10,8.262646639464414e-10,0.004683970199382,0.9989212647183484,8.229583271701907e-10,8.262646639464414e-10,0.004683970199382071,0.9989212647183485
8.296009732208372e-10,8.328281443777028e-10,0.0046858887277597,0.9989208251778772,8.296009732208373e-10,8.328281443777029e-10,0.004685888727759791,0.9989208251778772
8.360624068507887e-10,8.392093828467151e-10,0.0046877394228539,0.9989204027503382,8.360624068507887e-10,8.39209382846715e-10,0.004687739422853987,0.9989204027503382
8.423447839278916e-10,8.454109066885582e-10,0.0046895247296791,0.9989199967529356,8.423447839278917e-10,8.454109066885583e-10,0.004689524729679162,0.9989199967529357
8.484505100749518e-10,8.514354522115216e-10,0.0046912470029271,0.9989196065308829,8.484505100749518e-10,8.514354522115216e-10,0.004691247002927157,0.9989196065308829
8.543822072585464e-10,8.572859349474398e-10,0.0046929085104095,0.998919231456216,8.543822072585464e-10,8.572859349474399e-10,0.004692908510409599,0.998919231456216
8.601426833971805e-10,8.629654226157925e-10,0.0046945114363539,0.9989188709266684,8.601426833971805e-10,8.629654226157925e-10,0.004694511436353932,0.9989188709266683
8.657349047448247e-10,8.684771105830231e-10,0.0046960578845763,0.9989185243645864,8.657349047448248e-10,8.684771105830232e-10,0.004696057884576366,0.9989185243645865
8.711619708251873e-10,8.738242996146784e-10,0.00469754988152,0.9989181912158962,8.711619708251874e-10,8.738242996146785e-10,0.004697549881520025,0.9989181912158962
8.764270917094068e-10,8.790103757335726e-10,0.0046989893791947,0.9989178709491128,8.764270917094069e-10,8.790103757335727e-10,0.0046989893791947075,0.9989178709491128
8.815335674453605e-10,8.840387920122181e-10,0.0047003782579799,0.9989175630543912,8.815335674453605e-10,8.840387920122182e-10,0.004700378257979998,0.9989175630543913
8.864847694627342e-10,8.889130521404119e-10,0.0047017183293367,0.9989172670426224,8.864847694627342e-10,8.889130521404119e-10,0.0047017183293367685,0.9989172670426225
8.912841237902103e-10,8.936366956211498e-10,0.0047030113384012,0.9989169824445616,8.912841237902104e-10,8.936366956211498e-10,0.004703011338401231,0.9989169824445617
8.959350959352627e-10,8.982132844601745e-10,0.0047042589664825,0.9989167088100014,8.959350959352628e-10,8.982132844601746e-10,0.0047042589664825,0.9989167088100014
9.004411772878331e-10,9.026463912240332e-10,0.0047054628334662,0.9989164457069744,9.004411772878332e-10,9.026463912240332e-10,0.00470546283346629,0.9989164457069744
9.048058729200054e-10,9.069395883520059e-10,0.0047066245001174,0.9989161927209932,9.048058729200054e-10,9.069395883520061e-10,0.004706624500117496,0.9989161927209933
9.090326906645192e-10,9.110964386154643e-10,0.0047077454703028,0.998915949454322,9.090326906645192e-10,9.110964386154643e-10,0.004707745470302883,0.9989159494543219
9.131251313634467e-10,9.151204866276831e-10,0.004708827193122,0.9989157155252796,9.131251313634469e-10,9.151204866276833e-10,0.004708827193122001,0.9989157155252797
9.170866801869575e-10,9.190152513132459e-10,0.0047098710649533,0.9989154905675728,9.170866801869577e-10,9.190152513132459e-10,0.004709871064953397,0.9989154905675729
9.209207989306224e-10,9.227842192551027e-10,0.0047108784314293,0.9989152742296568,9.209207989306223e-10,9.227842192551027e-10,0.0047108784314293,0.9989152742296568
9.246309192063195e-10,9.264308388418891e-10,0.0047118505893301,0.998915066174124,9.246309192063197e-10,9.264308388418893e-10,0.004711850589330125,0.9989150661741241
9.282204364485201e-10,9.299585151462175e-10,0.0047127887884003,0.9989148660771192,9.2822043644852e-10,9.299585151462177e-10,0.004712788788400313,0.9989148660771191
9.316927046646571e-10,9.333706054682915e-10,0.0047136942331088,0.9989146736277787,9.316927046646571e-10,9.333706054682915e-10,0.004713694233108812,0.9989146736277787
9.35051031863137e-10,9.366704154862014e-10,0.004714568084326,0.9989144885276946,9.35051031863137e-10,9.366704154862014e-10,0.0047145680843260875,0.9989144885276946
9.38298676098532e-10,9.39861195957201e-10,0.0047154114609472,0.9989143104903996,9.38298676098532e-10,9.39861195957201e-10,0.00471541146094725,0.9989143104903996
9.414388420776442e-10,9.42946139920453e-10,0.0047162254414461,0.9989141392408768,9.414388420776444e-10,9.429461399204533e-10,0.004716225441446187,0.9989141392408767
9.444746782758091e-10,9.459283803544408e-10,0.0047170110653791,0.9989139745150872,9.444746782758091e-10,9.459283803544408e-10,0.00471701106537914,0.9989139745150872
9.474092745153087e-10,9.488109882463775e-10,0.0047177693348188,0.9989138160595206,9.474092745153089e-10,9.488109882463777e-10,0.004717769334818822,0.9989138160595206
9.502456599636163e-10,9.515969710351639e-10,0.0047185012157456,0.9989136636307612,9.502456599636163e-10,9.515969710351639e-10,0.004718501215745663,0.9989136636307613
9.529868015105518e-10,9.54289271391168e-10,0.0047192076393777,0.9989135169950762,9.529868015105518e-10,9.54289271391168e-10,0.0047192076393777205,0.9989135169950762
9.556356024887136e-10,9.568907663006195e-10,0.004719889503453,0.998913375928018,9.556356024887136e-10,9.568907663006197e-10,0.004719889503453034,0.9989133759280181
9.581949017032582e-10,9.594042664239287e-10,0.0047205476734623,0.9989132402140464,9.581949017032584e-10,9.594042664239287e-10,0.0047205476734623495,0.9989132402140464
9.606674727401e-10,9.61832515700552e-10,0.0047211829838385,0.9989131096461624,9.606674727401e-10,9.61832515700552e-10,0.004721182983838545,0.9989131096461624
9.63056023524813e-10,9.641781911745595e-10,0.0047217962390941,0.9989129840255628,9.630560235248133e-10,9.641781911745597e-10,0.004721796239094123,0.9989129840255628
9.653631961061896e-10,9.664439030181962e-10,0.0047223882149242,0.9989128631613052,9.653631961061896e-10,9.664439030181962e-10,0.004722388214924278,0.9989128631613052
9.675915666405126e-10,9.68632194731865e-10,0.0047229596592601,0.9989127468699884,9.675915666405126e-10,9.68632194731865e-10,0.0047229596592601505,0.9989127468699883
9.697436455556402e-10,9.707455435008366e-10,0.0047235112932854,0.9989126349754472,9.697436455556402e-10,9.707455435008366e-10,0.004723511293285476,0.9989126349754472
9.718218778742378e-10,9.72786360691376e-10,0.0047240438124164,0.9989125273084578,9.718218778742378e-10,9.72786360691376e-10,0.004724043812416423,0.9989125273084578
9.73828643678843e-10,9.74756992469607e-10,0.0047245578872464,0.9989124237064572,9.738286436788433e-10,9.74756992469607e-10,0.004724557887246439,0.9989124237064573
9.75766258701748e-10,9.766597205285601e-10,0.0047250541644467,0.9989123240132742,9.75766258701748e-10,9.7665972052856e-10,0.004725054164446707,0.9989123240132742
9.776369750249668e-10,9.784967629094146e-10,0.0047255332676399,0.998912228078871,9.776369750249668e-10,9.784967629094146e-10,0.004725533267639914,0.998912228078871
9.794429818760888e-10,9.802702749053164e-10,0.0047259957982443,0.998912135759095,9.794429818760888e-10,9.802702749053166e-10,0.004725995798244376,0.998912135759095
9.81186406508205e-10,9.819823500356574e-10,0.0047264423362752,0.998912046915443,9.81186406508205e-10,9.819823500356574e-10,0.0047264423362752385,0.998912046915443
9.828693151516812e-10,9.836350210813818e-10,0.004726873441128,0.9989119614148336,9.828693151516814e-10,9.836350210813818e-10,0.004726873441128032,0.9989119614148337
9.844937140281534e-10,9.852302611715014e-10,0.0047272896523241,0.9989118791293892,9.844937140281537e-10,9.852302611715014e-10,0.004727289652324118,0.9989118791293891
9.8606155041686e-10,9.867699849127578e-10,0.0047276914902339,0.998911799936226,9.860615504168602e-10,9.867699849127578e-10,0.004727691490233998,0.9989117999362259
9.875747137649463e-10,9.882560495543064e-10,0.0047280794567677,0.998911723717256,9.875747137649463e-10,9.882560495543066e-10,0.004728079456767742,0.9989117237172561
9.890350368341304e-10,9.896902561812531e-10,0.004728454036047,0.9989116503589944,9.890350368341304e-10,9.896902561812531e-10,0.004728454036047069,0.9989116503589944
9.90444296876225e-10,9.910743509299242e-10,0.0047288156950449,0.9989115797523732,9.90444296876225e-10,9.910743509299244e-10,0.0047288156950449295,0.9989115797523733
9.918042168320674e-10,9.924100262200082e-10,0.0047291648842105,0.9989115117925694,9.918042168320676e-10,9.924100262200082e-10,0.004729164884210579,0.9989115117925694
9.931164665472451e-10,9.936989219979755e-10,0.0047295020380585,0.9989114463788314,9.931164665472451e-10,9.936989219979757e-10,0.004729502038058553,0.9989114463788314
9.943826639999591e-10,9.949426269875807e-10,0.0047298275757484,0.9989113834143192,9.943826639999591e-10,9.949426269875809e-10,0.0047298275757484244,0.9989113834143193
9.95604376536445e-10,9.96142679942861e-10,0.0047301419016384,0.9989113228059476,9.956043765364453e-10,9.961426799428612e-10,0.004730141901638474,0.9989113228059475
9.967831221097215e-10,9.97300570900727e-10,0.0047304454058108,0.9989112644642392,9.967831221097217e-10,9.973005709007272e-10,0.004730445405810823,0.9989112644642393
9.979203705176984e-10,9.984177424290142e-10,0.0047307384645959,0.9989112083031776,9.979203705176986e-10,9.984177424290144e-10,0.004730738464595996,0.9989112083031777
9.990175446378432e-10,9.99495590867809e-10,0.0047310214410579,0.9989111542400738,9.990175446378434e-10,9.99495590867809e-10,0.004731021441057904,0.9989111542400738
1.000076021655237e-09,1.0005354675612096e-09,0.004731294685476,0.9989111021954324,1.000076021655237e-09,1.0005354675612096e-09,0.004731294685476084,0.9989111021954323
1.0010971342811312e-09,1.00153868007696e-09,0.0047315585357951,0.9989110520928256,1.0010971342811312e-09,1.00153868007696e-09,0.004731558535795189,0.9989110520928256
1.0020821719602756e-09,1.0025064934125218e-09,0.0047318133180786,0.9989110038587732,1.0020821719602758e-09,1.0025064934125218e-09,0.004731813318078681,0.9989110038587731
1.0030323820646776e-09,1.003440131185557e-09,0.0047320593469252,0.9989109574226238,1.0030323820646776e-09,1.003440131185557e-09,0.004732059346925266,0.9989109574226238
1.0039489710718335e-09,1.004340776806969e-09,0.004732296925884,0.9989109127164468,1.0039489710718335e-09,1.004340776806969e-09,0.004732296925884061,0.9989109127164469
1.0048331057263934e-09,1.0052095746360918e-09,0.0047325263478419,0.9989108696749236,1.0048331057263936e-09,1.0052095746360918e-09,0.004732526347841959,0.9989108696749237
1.0056859141836823e-09,1.0060476311158032e-09,0.0047327478954155,0.9989108282352428,1.0056859141836823e-09,1.0060476311158032e-09,0.004732747895415578,0.9989108282352429
1.0065084871336047e-09,1.0068560158875161e-09,0.0047329618413054,0.9989107883370052,1.0065084871336047e-09,1.006856015887516e-09,0.004732961841305428,0.9989107883370053
1.0073018789048823e-09,1.007635762884918e-09,0.0047331684486619,0.998910749922128,1.0073018789048823e-09,1.007635762884918e-09,0.004733168448661985,0.998910749922128
1.0080671085476966e-09,1.008387871405534e-09,0.0047333679714105,0.9989107129347532,1.0080671085476968e-09,1.0083878714055342e-09,0.004733367971410574,0.9989107129347533
1.0088051608950139e-09,1.0091133071601443e-09,0.0047335606545963,0.9989106773211612,1.0088051608950139e-09,1.0091133071601445e-09,0.00473356065459638,0.9989106773211611
1.009516987601663e-09,1.0098130032993734e-09,0.0047337467346868,0.9989106430296868,1.0095169876016633e-09,1.0098130032993736e-09,0.004733746734686894,0.9989106430296868
1.0102035081606855e-09,1.0104878614168707e-09,0.0047339264398813,0.9989106100106402,1.0102035081606855e-09,1.0104878614168707e-09,0.004733926439881309,0.9989106100106402
1.0108656108966887e-09,1.011138752529612e-09,0.0047340999904073,0.998910578216228,1.0108656108966887e-09,1.011138752529612e-09,0.004734099990407348,0.998910578216228
1.0115041539364774e-09,1.0117665180342776e-09,0.004734267598799,0.9989105476004814,1.0115041539364776e-09,1.0117665180342776e-09,0.004734267598799091,0.9989105476004814
1.0121199661559034e-09,1.012371970640633e-09,0.0047344294701712,0.9989105181191829,1.0121199661559034e-09,1.012371970640633e-09,0.004734429470171264,0.9989105181191829
1.0127138481037814e-09,1.0129558952809112e-09,0.0047345858024818,0.9989104897298006,1.0127138481037814e-09,1.0129558952809112e-09,0.004734585802481872,0.9989104897298006
1.0132865729025043e-09,1.0135190499964098e-09,0.004734736786788,0.9989104623914206,1.0132865729025043e-09,1.0135190499964098e-09,0.004734736786788018,0.9989104623914206
1.0138388871251238e-09,1.0140621668002804e-09,0.0047348826074878,0.998910436064685,1.0138388871251238e-09,1.0140621668002804e-09,0.004734882607487801,0.998910436064685
1.0143715116498911e-09,1.0145859525176368e-09,0.004735023442551,0.9989104107117328,1.0143715116498913e-09,1.0145859525176368e-09,0.0047350234425510345,0.9989104107117328
1.0148851424915086e-09,1.015091089602661e-09,0.0047351594637584,0.9989103862961394,1.0148851424915086e-09,1.015091089602661e-09,0.004735159463758487,0.9989103862961394
1.0153804516097983e-09,1.0155782369332975e-09,0.0047352908369069,0.9989103627828634,1.0153804516097983e-09,1.0155782369332975e-09,0.004735290836906958,0.9989103627828634
1.0158580876961062e-09,1.0160480305834011e-09,0.0047354177220269,0.9989103401381916,1.0158580876961062e-09,1.0160480305834011e-09,0.004735417722026925,0.9989103401381915
1.016318676937611e-09,1.0165010845731855e-09,0.0047355402735889,0.9989103183296884,1.016318676937611e-09,1.0165010845731857e-09,0.004735540273588979,0.9989103183296884
1.016762823759601e-09,1.0169379915980856e-09,0.0047356586406916,0.9989102973261466,1.016762823759601e-09,1.0169379915980856e-09,0.004735658640691654,0.9989102973261466
1.017191111546602e-09,1.017359323736109e-09,0.0047357729672551,0.9989102770975392,1.017191111546602e-09,1.0173593237361093e-09,0.004735772967255115,0.9989102770975393
1.0176041033422751e-09,1.0177656331346196e-09,0.0047358833922039,0.9989102576149752,1.0176041033422753e-09,1.0177656331346196e-09,0.0047358833922039436,0.9989102576149751
1.018002342528795e-09,1.0181574526766627e-09,0.0047359900496411,0.9989102388506544,1.018002342528795e-09,1.0181574526766627e-09,0.004735990049641182,0.9989102388506544
1.01838635348565e-09,1.0185352966270028e-09,0.0047360930690194,0.998910220777828,1.01838635348565e-09,1.0185352966270028e-09,0.004736093069019476,0.9989102207778279
1.0187566422288682e-09,1.0188996612588072e-09,0.0047361925752998,0.9989102033707538,1.0187566422288682e-09,1.0188996612588072e-09,0.004736192575299803,0.9989102033707538
1.0191136970306015e-09,1.0192510254611415e-09,0.0047362886891148,0.9989101866046628,1.0191136970306015e-09,1.0192510254611415e-09,0.004736288689114821,0.9989101866046629
1.0194579890198675e-09,1.0195898513274571e-09,0.0047363815269179,0.998910170455718,1.0194579890198675e-09,1.019589851327457e-09,0.0047363815269179325,0.9989101704557181
1.0197899727643856e-09,1.0199165847260267e-09,0.0047364712011298,0.9989101549009805,1.0197899727643858e-09,1.0199165847260267e-09,0.004736471201129811,0.9989101549009803
1.0201100868345335e-09,1.0202316558525086e-09,0.0047365578202788,0.9989101399183749,1.0201100868345335e-09,1.0202316558525086e-09,0.004736557820278864,0.9989101399183747
1.02041875434957e-09,1.020535479764817e-09,0.0047366414891409,0.9989101254866548,1.0204187543495701e-09,1.0205354797648172e-09,0.00473664148914097,0.9989101254866549
1.0207163835063036e-09,1.0208284569012547e-09,0.0047367223088652,0.9989101115853748,1.0207163835063038e-09,1.0208284569012547e-09,0.004736722308865215,0.9989101115853747
1.0210033680911955e-09,1.0211109735821023e-09,0.0047368003771051,0.9989100981948548,1.0210033680911955e-09,1.0211109735821025e-09,0.004736800377105155,0.9989100981948547
1.021280087976029e-09,1.021383402494814e-09,0.0047368757881404,0.9989100852961552,1.021280087976029e-09,1.021383402494814e-09,0.004736875788140482,0.9989100852961553
1.021546909597355e-09,1.0216461031638255e-09,0.0047369486329926,0.9989100728710468,1.021546909597355e-09,1.0216461031638255e-09,0.004736948632992699,0.9989100728710468
1.0218041864206755e-09,1.0218994224049276e-09,0.0047370189995415,0.9989100609019836,1.0218041864206755e-09,1.0218994224049276e-09,0.004737018999541554,0.9989100609019835
1.0220522593893283e-09,1.0221436947649762e-09,0.0047370869726312,0.998910049372077,1.0220522593893283e-09,1.0221436947649764e-09,0.004737086972631244,0.998910049372077
1.0222914573588428e-09,1.022379242946857e-09,0.0047371526341806,0.9989100382650712,1.0222914573588428e-09,1.0223792429468573e-09,0.004737152634180641,0.9989100382650713
1.022522097516689e-09,1.0226063782208758e-09,0.0047372160632822,0.9989100275653188,1.022522097516689e-09,1.0226063782208758e-09,0.004737216063282235,0.9989100275653187
1.0227444857886031e-09,1.0228254008221181e-09,0.0047372773363003,0.9989100172577572,1.0227444857886031e-09,1.022825400822118e-09,0.004737277336300361,0.9989100172577573
1.022958917230897e-09,1.023036600334879e-09,0.0047373365269682,0.9989100073278888,1.022958917230897e-09,1.0230366003348793e-09,0.0047373365269682164,0.9989100073278888
1.0231656764102778e-09,1.0232402560642895e-09,0.0047373937064784,0.9989099977617556,1.0231656764102778e-09,1.0232402560642895e-09,0.00473739370647841,0.9989099977617556
1.023365037770418e-09,1.023436637395221e-09,0.0047374489435727,0.9989099885459218,1.023365037770418e-09,1.023436637395221e-09,0.0047374489435727755,0.9989099885459218
1.0235572659865604e-09,1.023626004139413e-09,0.0047375023046226,0.9989099796674538,1.0235572659865604e-09,1.023626004139413e-09,0.0047375023046226875,0.9989099796674538
1.023742616308168e-09,1.0238086068709104e-09,0.0047375538537176,0.9989099711138988,1.023742616308168e-09,1.0238086068709104e-09,0.004737553853717658,0.9989099711138988
1.023921334889732e-09,1.0239846872498362e-09,0.0047376036527423,0.9989099628732704,1.023921334889732e-09,1.0239846872498364e-09,0.00473760365274234,0.9989099628732705
1.024093659110659e-09,1.024154478335574e-09,0.0047376517614508,0.9989099549340276,1.024093659110659e-09,1.024154478335574e-09,0.004737651761450889,0.9989099549340275
1.024259817884098e-09,1.024318204889141e-09,0.0047376982375431,0.9989099472850594,1.024259817884098e-09,1.0243182048891413e-09,0.004737698237543198,0.9989099472850594
1.0244200319553894e-09,1.0244760836652111e-09,0.0047377431367384,0.9989099399156692,1.0244200319553896e-09,1.024476083665211e-09,0.004737743136738426,0.9989099399156692
1.0245745141901627e-09,1.0246283236941387e-09,0.0047377865128367,0.998909932815558,1.0245745141901627e-09,1.0246283236941387e-09,0.00473778651283674,0.9989099328155581
1.0247234698525523e-09,1.0247751265544258e-09,0.0047378284177921,0.99890992597481,1.0247234698525525e-09,1.0247751265544258e-09,0.004737828417792155,0.9989099259748099
1.0248670968739872e-09,1.024916686635869e-09,0.004737868901775,0.9989099193838776,1.0248670968739872e-09,1.0249166866358692e-09,0.004737868901775033,0.9989099193838776
1.025005586112736e-09,1.0250531913933866e-09,0.0047379080132331,0.998909913033569,1.025005586112736e-09,1.0250531913933868e-09,0.004737908013233194,0.998909913033569
1.0251391216041723e-09,1.0251848215923795e-09,0.0047379457989491,0.9989099069150325,1.0251391216041723e-09,1.0251848215923795e-09,0.0047379457989491945,0.9989099069150325
1.0252678808029163e-09,1.0253117515454292e-09,0.0047379823041045,0.9989099010197464,1.0252678808029163e-09,1.0253117515454292e-09,0.004737982304104582,0.9989099010197463
1.0253920348160387e-09,1.0254341493409872e-09,0.0047380175723287,0.998909895339504,1.0253920348160387e-09,1.0254341493409872e-09,0.004738017572328723,0.998909895339504
1.0255117486285143e-09,1.0255521770638228e-09,0.0047380516457533,0.998909889866404,1.0255117486285143e-09,1.0255521770638228e-09,0.004738051645753383,0.998909889866404
1.025627181320819e-09,1.02566599100808e-09,0.0047380845650698,0.9989098845928372,1.025627181320819e-09,1.02566599100808e-09,0.0047380845650698555,0.9989098845928371
1.0257384862786827e-09,1.0257757418829158e-09,0.0047381163695719,0.9989098795114776,1.0257384862786827e-09,1.0257757418829158e-09,0.00473811636957191,0.9989098795114776
1.0258458113957807e-09,1.0258815750106994e-09,0.004738147097206,0.9989098746152688,1.0258458113957807e-09,1.0258815750106996e-09,0.004738147097206081,0.9989098746152687
1.0259492992693383e-09,1.025983630518561e-09,0.0047381767846247,0.9989098698974168,1.0259492992693383e-09,1.025983630518561e-09,0.004738176784624715,0.9989098698974168
1.0260490873886238e-09,1.0260820435232294e-09,0.0047382054672194,0.9989098653513798,1.0260490873886238e-09,1.0260820435232296e-09,0.004738205467219414,0.9989098653513798
1.0261453083171211e-09,1.026176944309115e-09,0.0047382331791707,0.9989098609708564,1.0261453083171213e-09,1.026176944309115e-09,0.004738233179170703,0.9989098609708563
1.0262380898681347e-09,1.0262684585005831e-09,0.0047382599534937,0.9989098567497792,1.0262380898681347e-09,1.0262684585005833e-09,0.004738259953493729,0.9989098567497791
1.0263275552743887e-09,1.026356707227674e-09,0.0047382858220673,0.9989098526823048,1.0263275552743887e-09,1.026356707227674e-09,0.004738285822067323,0.9989098526823048
1.026413823351366e-09,1.0264418072865471e-09,0.0047383108156875,0.998909848762806,1.0264138233513661e-09,1.0264418072865471e-09,0.004738310815687586,0.9989098487628059
1.026497008655152e-09,1.0265238712937594e-09,0.0047383349640919,0.9989098449858628,1.0264970086551522e-09,1.0265238712937597e-09,0.004738334964091928,0.9989098449858627
1.0265772216347142e-09,1.026603007835429e-09,0.0047383582960019,0.998909841346256,1.0265772216347145e-09,1.026603007835429e-09,0.004738358296001932,0.998909841346256
1.0266545687784975e-09,1.026679321611142e-09,0.0047383808391583,0.9989098378389588,1.0266545687784977e-09,1.026679321611142e-09,0.0047383808391583855,0.9989098378389588
1.0267291527562824e-09,1.0267529135725082e-09,0.004738402620356,0.9989098344591302,1.0267291527562824e-09,1.0267529135725082e-09,0.004738402620356097,0.9989098344591302
1.0268010725555884e-09,1.0268238810570815e-09,0.0047384236654692,0.9989098312021064,1.0268010725555884e-09,1.0268238810570817e-09,0.004738423665469261,0.9989098312021063
1.0268704236135455e-09,1.026892317917546e-09,0.0047384439994947,0.9989098280633976,1.0268704236135455e-09,1.026892317917546e-09,0.004738443999494768,0.9989098280633975
1.0269372979439412e-09,1.026958314646066e-09,0.0047384636465703,0.998909825038678,1.0269372979439412e-09,1.0269583146460661e-09,0.004738463646570379,0.9989098250386779
1.0270017842599092e-09,1.0270219584945123e-09,0.0047384826300128,0.9989098221237804,1.0270017842599092e-09,1.0270219584945125e-09,0.004738482630012841,0.9989098221237805
1.0270639680919802e-09,1.027083333590265e-09,0.0047385009723434,0.9989098193146944,1.0270639680919802e-09,1.0270833335902652e-09,0.004738500972343407,0.9989098193146944
1.0271239319022038e-09,1.027142521048065e-09,0.0047385186953128,0.9989098166075528,1.0271239319022038e-09,1.0271425210480652e-09,0.004738518695312832,0.9989098166075528
1.0271817551941908e-09,1.0271995990776134e-09,0.0047385358199321,0.9989098139986342,1.0271817551941908e-09,1.0271995990776134e-09,0.004738535819932177,0.9989098139986342
1.0272375146189978e-09,1.0272546430876048e-09,0.0047385523664942,0.9989098114843524,1.0272375146189978e-09,1.0272546430876048e-09,0.004738552366494298,0.9989098114843524
1.0272912840775107e-09,1.0273077257860556e-09,0.0047385683546005,0.9989098090612536,1.0272912840775107e-09,1.0273077257860558e-09,0.004738568354600581,0.9989098090612535
1.0273431348190231e-09,1.0273589172767775e-09,0.0047385838031845,0.9989098067260108,1.0273431348190233e-09,1.0273589172767777e-09,0.004738583803184526,0.9989098067260107
1.0273931355364303e-09,1.0274082851528547e-09,0.0047385987305339,0.998909804475419,1.0273931355364305e-09,1.0274082851528547e-09,0.004738598730533994,0.998909804475419
1.0274413524578838e-09,1.0274558945863447e-09,0.004738613154314,0.9989098023063916,1.0274413524578838e-09,1.0274558945863447e-09,0.00473861315431403,0.9989098023063917
1.0274878494351763e-09,1.0275018084151102e-09,0.0047386270915864,0.9989098002159548,1.0274878494351763e-09,1.02750180841511e-09,0.004738627091586412,0.9989098002159547
1.0275326880291095e-09,1.0275460872263707e-09,0.0047386405588358,0.9989097982012444,1.0275326880291097e-09,1.0275460872263707e-09,0.0047386405588358835,0.9989097982012443
1.0275759275916659e-09,1.027588789437462e-09,0.0047386535719808,0.9989097962595008,1.0275759275916659e-09,1.0275887894374621e-09,0.0047386535719808,0.9989097962595007
1.0276176253453968e-09,1.0276299713734072e-09,0.0047386661464009,0.998909794388066,1.0276176253453968e-09,1.0276299713734074e-09,0.0047386661464009945,0.9989097943880659
1.0276578364598302e-09,1.027669687341986e-09,0.0047386782969496,0.9989097925843792,1.02765783645983e-09,1.027669687341986e-09,0.004738678296949606,0.9989097925843791
1.0276966141250044e-09,1.027707989706115e-09,0.0047386900379801,0.9989097908459742,1.0276966141250046e-09,1.0277079897061152e-09,0.004738690037980176,0.9989097908459742
1.027734009622886e-09,1.0277449289534036e-09,0.0047387013833523,0.998909789170474,1.027734009622886e-09,1.0277449289534036e-09,0.004738701383352306,0.9989097891704741
1.0277700723957063e-09,1.0277805537634434e-09,0.0047387123464531,0.9989097875555903,1.0277700723957063e-09,1.0277805537634434e-09,0.004738712346453156,0.9989097875555905
1.027804850111945e-09,1.0278149110727411e-09,0.0047387229402216,0.9989097859991172,1.027804850111945e-09,1.0278149110727413e-09,0.004738722940221618,0.9989097859991171
1.0278383887302988e-09,1.0278480461369552e-09,0.0047387331771525,0.9989097844989298,1.0278383887302988e-09,1.0278480461369552e-09,0.004738733177152521,0.9989097844989298
1.0278707325608666e-09,1.0278800025914764e-09,0.0047387430693127,0.9989097830529816,1.0278707325608668e-09,1.0278800025914764e-09,0.004738743069312723,0.9989097830529817
1.0279019243244643e-09,1.0279108225092315e-09,0.004738752628364,0.9989097816593008,1.0279019243244645e-09,1.0279108225092315e-09,0.004738752628364096,0.9989097816593007
1.027932005209816e-09,1.027940546456982e-09,0.0047387618655704,0.9989097803159876,1.027932005209816e-09,1.027940546456982e-09,0.004738761865570496,0.9989097803159875
1.0279610149283603e-09,1.0279692135490568e-09,0.0047387707918112,0.9989097790212116,1.0279610149283605e-09,1.0279692135490568e-09,0.0047387707918112865,0.9989097790212115
1.0279889917676152e-09,1.0279968614997343e-09,0.0047387794175999,0.998909777773209,1.0279889917676154e-09,1.0279968614997343e-09,0.004738779417599948,0.998909777773209
1.0280159726420992e-09,1.0280235266731763e-09,0.0047387877530898,0.998909776570282,1.0280159726420994e-09,1.0280235266731765e-09,0.004738787753089868,0.9989097765702819
1.0280419931427562e-09,1.0280492441320975e-09,0.0047387958080904,0.9989097754107928,1.0280419931427562e-09,1.0280492441320975e-09,0.004738795808090446,0.9989097754107928
1.0280670875846016e-09,1.0280740476842324e-09,0.004738803592078,0.9989097742931649,1.0280670875846016e-09,1.0280740476842324e-09,0.004738803592078012,0.9989097742931647
1.0280912890523631e-09,1.028097969927465e-09,0.0047388111142088,0.9989097732158784,1.0280912890523631e-09,1.028097969927465e-09,0.004738811114208864,0.9989097732158784
1.0281146294449203e-09,1.0281210422931552e-09,0.0047388183833263,0.99890977217747,1.0281146294449203e-09,1.0281210422931554e-09,0.004738818383326326,0.99890977217747
1.0281371395176768e-09,1.0281432950881012e-09,0.0047388254079754,0.9989097711765292,1.0281371395176768e-09,1.0281432950881012e-09,0.0047388254079754775,0.9989097711765291
1.0281588489238783e-09,1.028164757534687e-09,0.0047388321964091,0.998909770211696,1.0281588489238785e-09,1.028164757534687e-09,0.00473883219640916,0.998909770211696
1.028179786254014e-09,1.0281854578098702e-09,0.0047388387566031,0.9989097692816624,1.0281797862540141e-09,1.02818545780987e-09,0.004738838756603148,0.9989097692816623
1.0281999790740806e-09,1.0282054230827534e-09,0.0047388450962605,0.998909768385166,1.0281999790740808e-09,1.0282054230827536e-09,0.004738845096260502,0.9989097683851659
1.0282194539625076e-09,1.0282246795505607e-09,0.0047388512228243,0.998909767520991,1.0282194539625078e-09,1.0282246795505607e-09,0.004738851222824336,0.998909767520991
1.028238236545327e-09,1.0282432524735703e-09,0.004738857143486,0.9989097666879664,1.028238236545327e-09,1.0282432524735705e-09,0.004738857143486097,0.9989097666879664
1.0282563515307482e-09,1.0282611662088023e-09,0.0047388628651911,0.9989097658849638,1.0282563515307482e-09,1.0282611662088023e-09,0.004738862865191184,0.9989097658849638
